{"stats":{"minecraft:mined":{"minecraft:cut_red_sandstone_slab":5,"minecraft:red_shulker_box":18,"minecraft:cut_sandstone_slab":2,"minecraft:white_bed":2,"minecraft:jungle_leaves":1199,"minecraft:obsidian":39,"minecraft:granite":40,"minecraft:red_sand":19,"minecraft:deepslate_tile_wall":81,"minecraft:jungle_log":1553,"minecraft:oak_pressure_plate":43,"minecraft:deepslate_bricks":3,"minecraft:purpur_slab":1,"minecraft:deepslate_tile_stairs":19,"minecraft:blue_wool":45,"minecraft:hopper":1,"minecraft:spawner":1,"minecraft:polished_blackstone_bricks":1,"minecraft:magma_block":62,"minecraft:dark_oak_trapdoor":4,"minecraft:fire":18,"minecraft:barrel":1,"minecraft:cobbled_deepslate":369,"minecraft:pumpkin":1,"minecraft:deepslate_lapis_ore":41,"minecraft:fletching_table":13,"minecraft:nether_brick_stairs":50,"minecraft:enchanting_table":3,"minecraft:sculk_shrieker":2,"minecraft:dirt_path":27,"minecraft:oak_stairs":31,"minecraft:iron_block":496,"minecraft:tripwire":7,"minecraft:jungle_trapdoor":4,"minecraft:jungle_button":1,"minecraft:brown_mushroom":4,"minecraft:smoker":1,"minecraft:blue_stained_glass":2,"minecraft:torch":49,"minecraft:blast_furnace":6,"minecraft:dead_bush":4,"minecraft:spruce_wall_sign":1,"minecraft:glass":16,"minecraft:sugar_cane":214,"minecraft:spruce_sign":3,"minecraft:amethyst_block":71,"minecraft:jungle_wood":24,"minecraft:wheat":39,"minecraft:pumpkin_stem":1,"minecraft:stone_brick_stairs":38,"minecraft:infested_mossy_stone_bricks":1,"minecraft:smooth_basalt":6,"minecraft:blue_shulker_box":32,"minecraft:stonecutter":2,"minecraft:deepslate":2436,"minecraft:deepslate_tiles":155,"minecraft:mossy_cobblestone":4,"minecraft:stripped_birch_log":1,"minecraft:dark_oak_log":12,"minecraft:shulker_box":28,"minecraft:end_stone":114,"minecraft:nether_bricks":11,"minecraft:cobbled_deepslate_slab":12,"minecraft:jungle_planks":36,"minecraft:orange_shulker_box":1,"minecraft:jungle_sapling":8,"minecraft:andesite":51,"minecraft:diamond_block":13,"minecraft:potatoes":35,"minecraft:vine":282,"minecraft:rail":337,"minecraft:bamboo_sapling":37,"minecraft:bamboo":87,"minecraft:white_wool":17,"minecraft:ender_chest":17,"minecraft:smithing_table":11,"minecraft:oak_slab":31,"minecraft:redstone_block":1,"minecraft:glass_pane":3,"minecraft:soul_sand":10,"minecraft:stone_brick_slab":2,"minecraft:dandelion":19,"minecraft:cobbled_deepslate_wall":3,"minecraft:short_grass":601,"minecraft:purpur_pillar":32,"minecraft:copper_ore":7,"minecraft:tall_grass":38,"minecraft:deepslate_gold_ore":49,"minecraft:cracked_deepslate_bricks":70,"minecraft:diorite":322,"minecraft:cobblestone_wall":4,"minecraft:spruce_log":1676,"minecraft:birch_leaves":8,"minecraft:jungle_fence":42,"minecraft:gravel":501,"minecraft:cobweb":24,"minecraft:oak_button":6,"minecraft:acacia_planks":5,"minecraft:birch_sign":5,"minecraft:stone_bricks":79,"minecraft:gold_ore":5,"minecraft:chipped_anvil":3,"minecraft:iron_trapdoor":2,"minecraft:fern":111,"minecraft:spruce_planks":43,"minecraft:cobbled_deepslate_stairs":34,"minecraft:sculk_vein":123,"minecraft:cobblestone_stairs":4,"minecraft:brewing_stand":3,"minecraft:spruce_trapdoor":2,"minecraft:budding_amethyst":9,"minecraft:grass_block":2136,"minecraft:soul_soil":1,"minecraft:composter":1,"minecraft:raw_iron_block":5,"minecraft:glowstone":39,"minecraft:sculk_catalyst":8,"minecraft:iron_ore":31,"minecraft:anvil":2,"minecraft:birch_wall_sign":5,"minecraft:end_stone_bricks":7,"minecraft:spruce_slab":30,"minecraft:deepslate_redstone_ore":46,"minecraft:quartz_block":20,"minecraft:blackstone":44,"minecraft:purpur_stairs":2,"minecraft:clay":43,"minecraft:jungle_stairs":7,"minecraft:calcite":8,"minecraft:poppy":24,"minecraft:beacon":10,"minecraft:chest":26,"minecraft:wither_skeleton_wall_skull":2,"minecraft:nether_quartz_ore":118,"minecraft:cobblestone":286,"minecraft:grindstone":1,"minecraft:oak_planks":58,"minecraft:iron_door":1,"minecraft:wall_torch":21,"minecraft:stone_stairs":1,"minecraft:powered_rail":15,"minecraft:yellow_wool":14,"minecraft:birch_log":90,"minecraft:birch_trapdoor":1,"minecraft:tnt":1,"minecraft:purpur_block":102,"minecraft:oak_log":365,"minecraft:beetroots":2,"minecraft:sand":899,"minecraft:dirt":3010,"minecraft:ancient_debris":15,"minecraft:netherrack":5842,"minecraft:oak_leaves":1509,"minecraft:emerald_block":54,"minecraft:redstone_lamp":5,"minecraft:nether_gold_ore":2,"minecraft:diamond_ore":3,"minecraft:tuff":1320,"minecraft:dark_oak_leaves":1,"minecraft:deepslate_diamond_ore":102,"minecraft:lever":1,"minecraft:chiseled_bookshelf":32,"minecraft:mangrove_trapdoor":1,"minecraft:birch_slab":7,"minecraft:spruce_leaves":177,"minecraft:sandstone":13,"minecraft:oak_trapdoor":2,"minecraft:spruce_sapling":15,"minecraft:furnace":17,"minecraft:carrots":5,"minecraft:black_concrete":1,"minecraft:chiseled_deepslate":71,"minecraft:gold_block":16,"minecraft:bell":1,"minecraft:polished_deepslate":197,"minecraft:bookshelf":127,"minecraft:deepslate_iron_ore":560,"minecraft:lantern":4,"minecraft:stripped_oak_log":41,"minecraft:packed_ice":325,"minecraft:chorus_plant":1,"minecraft:stone":6565,"minecraft:yellow_shulker_box":22,"minecraft:jungle_fence_gate":2,"minecraft:birch_pressure_plate":12,"minecraft:redstone_wall_torch":4,"minecraft:podzol":19,"minecraft:scaffolding":79,"minecraft:red_wool":12,"minecraft:magenta_stained_glass":2,"minecraft:infested_stone_bricks":2,"minecraft:oak_fence":2,"minecraft:crafting_table":12,"minecraft:sculk_sensor":24,"minecraft:lectern":17,"minecraft:lapis_ore":6,"minecraft:sculk":2103,"minecraft:spruce_stairs":47,"minecraft:birch_planks":32,"minecraft:redstone_torch":1,"minecraft:yellow_bed":2,"minecraft:coal_ore":220,"minecraft:end_rod":22,"minecraft:cracked_stone_bricks":2,"minecraft:mossy_stone_bricks":8,"minecraft:jungle_wall_sign":4},"minecraft:used":{"minecraft:chiseled_deepslate":360,"minecraft:cut_red_sandstone_slab":5,"minecraft:spruce_slab":43,"minecraft:elytra":7,"minecraft:poppy":3,"minecraft:chest":55,"minecraft:stone":238,"minecraft:white_shulker_box":1,"minecraft:rotten_flesh":1,"minecraft:soul_sand":4,"minecraft:cocoa_beans":20,"minecraft:blue_stained_glass":8,"minecraft:jungle_sapling":44,"minecraft:lava_bucket":13,"minecraft:quartz_pillar":19,"minecraft:red_wool":40,"minecraft:jungle_fence_gate":2,"minecraft:birch_sapling":7,"minecraft:orange_shulker_box":1,"minecraft:quartz_block":3,"minecraft:stone_brick_stairs":248,"minecraft:bow":338,"minecraft:furnace":32,"minecraft:yellow_glazed_terracotta":1,"minecraft:oak_sapling":17,"minecraft:egg":118,"minecraft:potato":64,"minecraft:diorite":5,"minecraft:mossy_stone_bricks":2,"minecraft:end_stone_bricks":61,"minecraft:chorus_fruit":4,"minecraft:powered_rail":28,"minecraft:cactus":1,"minecraft:composter":1,"minecraft:jungle_boat":2,"minecraft:oak_leaves":1688,"minecraft:golden_apple":2,"minecraft:dark_oak_trapdoor":8,"minecraft:purpur_stairs":1,"minecraft:sand":1,"minecraft:cut_sandstone_slab":20,"minecraft:blast_furnace":6,"minecraft:deepslate_brick_stairs":4,"minecraft:pumpkin_seeds":12,"minecraft:deepslate_tiles":636,"minecraft:deepslate_iron_ore":274,"minecraft:lectern":17,"minecraft:oak_pressure_plate":43,"minecraft:diamond_ore":3,"minecraft:diamond_sword":703,"minecraft:smithing_table":11,"minecraft:birch_log":1,"minecraft:oak_trapdoor":2,"minecraft:enchanting_table":2,"minecraft:armor_stand":6,"minecraft:netherrack":927,"minecraft:torch":640,"minecraft:brewing_stand":3,"minecraft:anvil":8,"minecraft:nether_quartz_ore":59,"minecraft:stone_stairs":5,"minecraft:nether_brick_stairs":50,"minecraft:red_shulker_box":18,"minecraft:chipped_anvil":3,"minecraft:iron_block":769,"minecraft:jungle_log":635,"minecraft:bamboo":45,"minecraft:diamond_chestplate":2,"minecraft:glowstone":38,"minecraft:iron_trapdoor":3,"minecraft:cobbled_deepslate":977,"minecraft:orange_terracotta":1,"minecraft:wheat_seeds":27,"minecraft:water_bucket":77,"minecraft:chiseled_bookshelf":44,"minecraft:birch_planks":237,"minecraft:yellow_shulker_box":22,"minecraft:fletching_table":17,"minecraft:gold_ore":1,"minecraft:deepslate_bricks":91,"minecraft:diamond_block":22,"minecraft:rail":351,"minecraft:vine":186,"minecraft:tnt":168,"minecraft:crafting_table":26,"minecraft:oak_slab":119,"minecraft:birch_sign":18,"minecraft:white_bed":2,"minecraft:spruce_log":59,"minecraft:deepslate_tile_wall":130,"minecraft:oak_log":160,"minecraft:ender_eye":4,"minecraft:diamond_pickaxe":11079,"minecraft:diamond_shovel":7687,"minecraft:sunflower":1,"minecraft:iron_pickaxe":28,"minecraft:suspicious_stew":7,"minecraft:oak_button":32,"minecraft:spruce_trapdoor":3,"minecraft:spruce_sapling":114,"minecraft:enchanted_book":33,"minecraft:cobblestone":570,"minecraft:stripped_oak_log":38,"minecraft:diamond_leggings":2,"minecraft:polished_deepslate":660,"minecraft:oak_sign":4,"minecraft:diamond_hoe":2231,"minecraft:shield":95,"minecraft:iron_sword":154,"minecraft:bell":1,"minecraft:birch_pressure_plate":12,"minecraft:jungle_planks":162,"minecraft:nether_bricks":52,"minecraft:carrot":5,"minecraft:tuff":447,"minecraft:obsidian":83,"minecraft:glass":47,"minecraft:coal_ore":5,"minecraft:lantern":28,"minecraft:stone_bricks":401,"minecraft:item_frame":21,"minecraft:reinforced_deepslate":2,"minecraft:deepslate_diamond_ore":22,"minecraft:birch_trapdoor":2,"minecraft:repeater":26,"minecraft:redstone_lamp":9,"minecraft:magma_block":24,"minecraft:scaffolding":271,"minecraft:blue_shulker_box":32,"minecraft:gold_block":23,"minecraft:dark_oak_stairs":8,"minecraft:diamond_boots":2,"minecraft:end_rod":9,"minecraft:wither_skeleton_skull":2,"minecraft:oak_planks":353,"minecraft:jungle_fence":123,"minecraft:ender_pearl":6,"minecraft:sugar_cane":4,"minecraft:diamond_axe":3112,"minecraft:white_wool":16,"minecraft:deepslate_redstone_ore":15,"minecraft:cobbled_deepslate_stairs":100,"minecraft:stone_brick_wall":24,"minecraft:deepslate_lapis_ore":16,"minecraft:end_stone":25,"minecraft:shears":2236,"minecraft:redstone_torch":17,"minecraft:lever":1,"minecraft:black_concrete":34,"minecraft:firework_rocket":950,"minecraft:acacia_door":3,"minecraft:bread":9,"minecraft:string":178,"minecraft:deepslate":16,"minecraft:gravel":253,"minecraft:jungle_sign":1,"minecraft:grindstone":1,"minecraft:andesite":15,"minecraft:chain":1,"minecraft:bone_meal":220,"minecraft:experience_bottle":643,"minecraft:netherite_sword":153,"minecraft:oak_fence":37,"minecraft:purpur_block":7,"minecraft:jungle_leaves":550,"minecraft:flint_and_steel":114,"minecraft:cracked_deepslate_bricks":70,"minecraft:redstone":7,"minecraft:spruce_planks":246,"minecraft:ender_chest":18,"minecraft:deepslate_gold_ore":19,"minecraft:cooked_chicken":10,"minecraft:dirt":2304,"minecraft:hopper":1,"minecraft:spruce_stairs":81,"minecraft:cobblestone_wall":87,"minecraft:diamond_helmet":3,"minecraft:shulker_box":32,"minecraft:granite":4,"minecraft:birch_door":1,"minecraft:iron_hoe":29,"minecraft:stone_brick_slab":67,"minecraft:bookshelf":94,"minecraft:yellow_stained_glass":2,"minecraft:oak_stairs":49,"minecraft:iron_boots":2,"minecraft:golden_carrot":221,"minecraft:emerald_block":98,"minecraft:soul_soil":2,"minecraft:deepslate_tile_stairs":39,"minecraft:minecart":31,"minecraft:netherite_pickaxe":10358,"minecraft:cooked_beef":69,"minecraft:bamboo_planks":2,"minecraft:pumpkin":1,"minecraft:cobbled_deepslate_wall":28,"minecraft:iron_ore":17,"minecraft:cobblestone_stairs":79,"minecraft:baked_potato":13,"minecraft:glass_bottle":27,"minecraft:netherite_chestplate":1,"minecraft:blue_wool":185,"minecraft:spruce_sign":4,"minecraft:beacon":14,"minecraft:stonecutter":2,"minecraft:jungle_wood":174,"minecraft:mangrove_trapdoor":1,"minecraft:terracotta":2,"minecraft:painting":1,"minecraft:book":19,"minecraft:smoker":1,"minecraft:apple":2,"minecraft:lapis_ore":3,"minecraft:netherite_axe":1695,"minecraft:jungle_stairs":29,"minecraft:stone_slab":4,"minecraft:yellow_wool":89,"minecraft:cobbled_deepslate_slab":69,"minecraft:bucket":91,"minecraft:yellow_bed":4,"minecraft:splash_potion":3},"minecraft:killed_by":{"minecraft:piglin":1,"minecraft:player":1,"minecraft:enderman":2},"minecraft:picked_up":{"minecraft:iron_chestplate":1,"minecraft:suspicious_stew":1,"minecraft:anvil":2,"minecraft:lead":8,"minecraft:smithing_table":12,"minecraft:stone_slab":11,"minecraft:diamond_sword":20,"minecraft:oak_stairs":78,"minecraft:wither_rose":1,"minecraft:enchanted_book":4,"minecraft:brewing_stand":3,"minecraft:golden_sword":1,"minecraft:amethyst_block":72,"minecraft:polished_deepslate":317,"minecraft:string":168,"minecraft:dark_oak_trapdoor":5,"minecraft:soul_soil":76,"minecraft:red_nether_bricks":22,"minecraft:beetroot":2,"minecraft:diamond_leggings":10,"minecraft:gold_nugget":20,"minecraft:cobbled_deepslate":2702,"minecraft:spruce_planks":138,"minecraft:netherite_upgrade_smithing_template":1,"minecraft:composter":2,"minecraft:purpur_pillar":38,"minecraft:deepslate_tile_stairs":15,"minecraft:stone_sword":1,"minecraft:armadillo_scute":7,"minecraft:iron_block":793,"minecraft:glowstone":37,"minecraft:bookshelf":34,"minecraft:end_rod":26,"minecraft:netherite_chestplate":1,"minecraft:blaze_rod":25,"minecraft:iron_bars":2,"minecraft:birch_log":113,"minecraft:magma_block":55,"minecraft:feather":44,"minecraft:iron_door":1,"minecraft:birch_slab":25,"minecraft:water_bucket":6,"minecraft:jungle_log":1600,"minecraft:brown_wool":2,"minecraft:jungle_wood":40,"minecraft:smoker":1,"minecraft:flint":131,"minecraft:netherite_leggings":2,"minecraft:lantern":4,"minecraft:chipped_anvil":3,"minecraft:stonecutter":2,"minecraft:diamond_helmet":11,"minecraft:glowstone_dust":28,"minecraft:dark_oak_log":12,"minecraft:iron_hoe":2,"minecraft:snout_armor_trim_smithing_template":1,"minecraft:deepslate":1714,"minecraft:lever":1,"minecraft:deepslate_gold_ore":14,"minecraft:granite":60,"minecraft:bread":72,"minecraft:diamond_pickaxe":15,"minecraft:crafting_table":17,"minecraft:clay_ball":288,"minecraft:redstone_lamp":5,"minecraft:crimson_trapdoor":1,"minecraft:purpur_block":103,"minecraft:jungle_trapdoor":9,"minecraft:elytra":8,"minecraft:flint_and_steel":2,"minecraft:iron_shovel":2,"minecraft:glass_pane":2,"minecraft:cracked_stone_bricks":2,"minecraft:netherite_sword":3,"minecraft:deepslate_diamond_ore":12,"minecraft:beef":31,"minecraft:jungle_sapling":58,"minecraft:iron_nugget":7,"minecraft:poppy":33,"minecraft:spruce_slab":41,"minecraft:minecart":13,"minecraft:chest":26,"minecraft:birch_sapling":9,"minecraft:diamond_hoe":2,"minecraft:egg":54,"minecraft:copper_ore":4,"minecraft:sandstone":13,"minecraft:stone":3917,"minecraft:cut_red_sandstone_slab":5,"minecraft:jungle_fence_gate":4,"minecraft:carrot":83,"minecraft:redstone":190,"minecraft:netherite_pickaxe":5,"minecraft:mangrove_trapdoor":2,"minecraft:jungle_sign":1,"minecraft:tnt":1,"minecraft:diamond_chestplate":15,"minecraft:beetroot_seeds":3,"minecraft:hay_block":33,"minecraft:shears":5,"minecraft:deepslate_bricks":4,"minecraft:diamond_boots":10,"minecraft:purpur_slab":1,"minecraft:cracked_deepslate_bricks":198,"minecraft:gold_ingot":54,"minecraft:white_shulker_box":1,"minecraft:glow_berries":12,"minecraft:mutton":30,"minecraft:white_wool":128,"minecraft:rail":568,"minecraft:lapis_ore":3,"minecraft:stripped_oak_log":37,"minecraft:yellow_shulker_box":23,"minecraft:chiseled_bookshelf":35,"minecraft:fern":9,"minecraft:yellow_dye":20,"minecraft:jungle_fence":72,"minecraft:filled_map":5,"minecraft:purpur_stairs":4,"minecraft:oak_log":546,"minecraft:ancient_debris":26,"minecraft:jungle_button":4,"minecraft:paper":2,"minecraft:apple":40,"minecraft:stone_bricks":234,"minecraft:reinforced_deepslate":64,"minecraft:wild_armor_trim_smithing_template":4,"minecraft:iron_ore":2,"minecraft:glass_bottle":3,"minecraft:iron_sword":1,"minecraft:dark_oak_stairs":2,"minecraft:smooth_basalt":2,"minecraft:red_wool":12,"minecraft:gravel":615,"minecraft:birch_stairs":2,"minecraft:spruce_sapling":117,"minecraft:spruce_log":1673,"minecraft:firework_rocket":123,"minecraft:diamond_shovel":8,"minecraft:coal_ore":17,"minecraft:bamboo_trapdoor":1,"minecraft:short_grass":38,"minecraft:diamond_axe":6,"minecraft:deepslate_redstone_ore":15,"minecraft:painting":1,"minecraft:birch_sign":11,"minecraft:oak_button":46,"minecraft:baked_potato":214,"minecraft:hopper":2,"minecraft:ender_pearl":13,"minecraft:shulker_shell":36,"minecraft:chiseled_deepslate":263,"minecraft:wheat":34,"minecraft:redstone_block":1,"minecraft:ender_chest":22,"minecraft:iron_trapdoor":2,"minecraft:yellow_wool":173,"minecraft:potion":3,"minecraft:stone_brick_stairs":40,"minecraft:raw_copper":120,"minecraft:deepslate_lapis_ore":16,"minecraft:smooth_stone_slab":7,"minecraft:iron_leggings":1,"minecraft:netherite_ingot":1,"minecraft:oak_sign":8,"minecraft:deepslate_tiles":395,"minecraft:red_sand":17,"minecraft:smooth_stone":2,"minecraft:bucket":6,"minecraft:redstone_torch":11,"minecraft:ender_eye":8,"minecraft:calcite":8,"minecraft:iron_pickaxe":6,"minecraft:deepslate_tile_wall":77,"minecraft:deepslate_iron_ore":273,"minecraft:iron_boots":4,"minecraft:furnace":18,"minecraft:blue_wool":158,"minecraft:stick":477,"minecraft:orange_shulker_box":1,"minecraft:birch_trapdoor":6,"minecraft:oak_fence":4,"minecraft:torch":378,"minecraft:spruce_stairs":44,"minecraft:porkchop":33,"minecraft:netherite_shovel":1,"minecraft:diorite":162,"minecraft:vine":42,"minecraft:blue_stained_glass":2,"minecraft:quartz_block":4,"minecraft:cactus":1,"minecraft:rotten_flesh":61,"minecraft:obsidian":47,"minecraft:cobblestone":3633,"minecraft:enchanting_table":3,"minecraft:magma_cream":7,"minecraft:andesite":60,"minecraft:beacon":10,"minecraft:potato":135,"minecraft:tuff":871,"minecraft:warped_trapdoor":1,"minecraft:wither_skeleton_skull":3,"minecraft:dirt":5279,"minecraft:lapis_lazuli":519,"minecraft:stripped_birch_log":1,"minecraft:cut_sandstone_slab":4,"minecraft:name_tag":8,"minecraft:glass":65,"minecraft:bone":72,"minecraft:acacia_planks":33,"minecraft:bow":36,"minecraft:wheat_seeds":326,"minecraft:cobbled_deepslate_wall":3,"minecraft:raw_gold":143,"minecraft:cobbled_deepslate_slab":15,"minecraft:bell":2,"minecraft:grindstone":2,"minecraft:netherite_axe":2,"minecraft:mossy_stone_bricks":9,"minecraft:fletching_table":11,"minecraft:bamboo":248,"minecraft:powered_rail":30,"minecraft:oak_planks":72,"minecraft:sand":884,"minecraft:oak_pressure_plate":7,"minecraft:poisonous_potato":2,"minecraft:jungle_planks":88,"minecraft:nether_brick_stairs":50,"minecraft:grass_block":2,"minecraft:diamond_block":16,"minecraft:jungle_slab":1,"minecraft:shulker_box":33,"minecraft:mossy_cobblestone":6,"minecraft:jungle_leaves":664,"minecraft:diamond":297,"minecraft:black_concrete":1,"minecraft:netherite_helmet":1,"minecraft:crossbow":18,"minecraft:bone_meal":18,"minecraft:golden_apple":13,"minecraft:spruce_sign":4,"minecraft:emerald":173,"minecraft:oak_sapling":66,"minecraft:netherrack":2755,"minecraft:chorus_fruit":12,"minecraft:oak_leaves":1638,"minecraft:nether_star":6,"minecraft:end_stone_bricks":8,"minecraft:cocoa_beans":135,"minecraft:chicken":31,"minecraft:chest_minecart":2,"minecraft:packed_ice":223,"minecraft:brown_mushroom":8,"minecraft:gold_block":29,"minecraft:shield":7,"minecraft:oak_trapdoor":3,"minecraft:stone_stairs":1,"minecraft:item_frame":15,"minecraft:blackstone":75,"minecraft:oak_boat":2,"minecraft:lectern":17,"minecraft:blue_shulker_box":32,"minecraft:sugar_cane":330,"minecraft:spruce_trapdoor":1,"minecraft:cherry_trapdoor":1,"minecraft:phantom_membrane":1,"minecraft:raw_iron":722,"minecraft:end_stone":234,"minecraft:bowl":1,"minecraft:polished_blackstone_bricks":1,"minecraft:arrow":668,"minecraft:red_shulker_box":18,"minecraft:jungle_stairs":7,"minecraft:nether_bricks":55,"minecraft:saddle":1,"minecraft:netherite_boots":1,"minecraft:jungle_boat":2,"minecraft:golden_carrot":310,"minecraft:glow_ink_sac":6,"minecraft:magenta_banner":2,"minecraft:leather":49,"minecraft:birch_planks":26,"minecraft:cobblestone_wall":4,"minecraft:yellow_bed":2,"minecraft:cobbled_deepslate_stairs":39,"minecraft:gunpowder":9,"minecraft:cobblestone_stairs":4,"minecraft:orange_terracotta":1,"minecraft:coast_armor_trim_smithing_template":2,"minecraft:acacia_trapdoor":1,"minecraft:iron_ingot":1163,"minecraft:soul_sand":17,"minecraft:book":325,"minecraft:scaffolding":242,"minecraft:oak_slab":21,"minecraft:nether_quartz_ore":59,"minecraft:emerald_block":54,"minecraft:pumpkin":1,"minecraft:stone_brick_slab":28,"minecraft:quartz":116,"minecraft:dandelion":19,"minecraft:raw_iron_block":5,"minecraft:amethyst_shard":8,"minecraft:blast_furnace":5,"minecraft:white_bed":2,"minecraft:nether_brick_slab":2,"minecraft:spider_eye":3,"minecraft:pumpkin_seeds":17,"minecraft:iron_helmet":1,"minecraft:cherry_sapling":6,"minecraft:terracotta":2,"minecraft:netherite_hoe":1,"minecraft:black_wool":4,"minecraft:coal":772,"minecraft:sunflower":1},"minecraft:crafted":{"minecraft:ender_chest":1,"minecraft:yellow_wool":27,"minecraft:smooth_stone":5,"minecraft:jungle_fence_gate":2,"minecraft:blaze_powder":2,"minecraft:oak_pressure_plate":36,"minecraft:chain":1,"minecraft:birch_slab":30,"minecraft:diamond_shovel":2,"minecraft:bookshelf":63,"minecraft:shulker_box":9,"minecraft:deepslate_brick_stairs":12,"minecraft:glass":53,"minecraft:diamond_helmet":1,"minecraft:diamond_leggings":1,"minecraft:netherite_boots":1,"minecraft:beacon":4,"minecraft:white_shulker_box":1,"minecraft:glass_bottle":27,"minecraft:blue_stained_glass":8,"minecraft:redstone_lamp":5,"minecraft:emerald":2559,"minecraft:diamond_axe":2,"minecraft:jungle_boat":2,"minecraft:smithing_table":6,"minecraft:cobbled_deepslate_wall":42,"minecraft:fletching_table":15,"minecraft:stone_brick_stairs":228,"minecraft:bamboo_planks":6,"minecraft:stone_slab":12,"minecraft:iron_block":305,"minecraft:gold_ingot":238,"minecraft:netherite_ingot":6,"minecraft:composter":1,"minecraft:golden_carrot":249,"minecraft:smooth_stone_slab":6,"minecraft:orange_shulker_box":1,"minecraft:iron_nugget":9,"minecraft:experience_bottle":67,"minecraft:diamond_hoe":2,"minecraft:yellow_bed":1,"minecraft:blue_shulker_box":4,"minecraft:bone_meal":147,"minecraft:stone_stairs":8,"minecraft:lantern":30,"minecraft:spruce_stairs":40,"minecraft:spruce_slab":42,"minecraft:red_shulker_box":1,"minecraft:cobbled_deepslate_stairs":35,"minecraft:deepslate_tile_wall":15,"minecraft:redstone_block":9,"minecraft:jungle_fence":111,"minecraft:dark_oak_planks":48,"minecraft:crossbow":23,"minecraft:netherite_pickaxe":2,"minecraft:deepslate_tiles":5,"minecraft:glowstone":7,"minecraft:enchanted_book":51,"minecraft:orange_dye":2,"minecraft:golden_apple":1,"minecraft:oak_stairs":4,"minecraft:deepslate_tile_stairs":56,"minecraft:armor_stand":6,"minecraft:white_bed":1,"minecraft:grindstone":1,"minecraft:oak_planks":1192,"minecraft:cooked_chicken":10,"minecraft:cobblestone_stairs":96,"minecraft:stone":389,"minecraft:suspicious_stew":7,"minecraft:bamboo_block":10,"minecraft:hopper":1,"minecraft:stone_brick_slab":138,"minecraft:bow":19,"minecraft:chest":39,"minecraft:netherite_helmet":1,"minecraft:oak_button":1,"minecraft:jungle_stairs":12,"minecraft:netherite_upgrade_smithing_template":24,"minecraft:rail":32,"minecraft:ender_eye":1,"minecraft:stone_bricks":884,"minecraft:oak_fence":36,"minecraft:oak_slab":138,"minecraft:item_frame":17,"minecraft:arrow":320,"minecraft:crafting_table":15,"minecraft:spruce_planks":6449,"minecraft:baked_potato":125,"minecraft:birch_pressure_plate":12,"minecraft:red_wool":60,"minecraft:gold_block":23,"minecraft:birch_planks":376,"minecraft:yellow_stained_glass":8,"minecraft:tnt":204,"minecraft:spruce_trapdoor":2,"minecraft:paper":258,"minecraft:emerald_block":44,"minecraft:diamond_pickaxe":1,"minecraft:yellow_dye":17,"minecraft:shield":2,"minecraft:stick":18080,"minecraft:iron_ingot":2323,"minecraft:redstone_torch":12,"minecraft:deepslate_bricks":85,"minecraft:shears":13,"minecraft:cobbled_deepslate_slab":60,"minecraft:cookie":144,"minecraft:redstone":9,"minecraft:raw_iron":45,"minecraft:stone_brick_wall":24,"minecraft:furnace":17,"minecraft:blast_furnace":1,"minecraft:dark_oak_trapdoor":6,"minecraft:end_stone_bricks":64,"minecraft:diamond_block":6,"minecraft:oak_trapdoor":2,"minecraft:flint_and_steel":2,"minecraft:netherite_chestplate":1,"minecraft:netherite_leggings":1,"minecraft:yellow_shulker_box":2,"minecraft:polished_deepslate":373,"minecraft:iron_hoe":1,"minecraft:chiseled_bookshelf":19,"minecraft:cobblestone_wall":96,"minecraft:netherite_scrap":26,"minecraft:birch_sign":15,"minecraft:minecart":26,"minecraft:cooked_beef":31,"minecraft:red_dye":62,"minecraft:jungle_wood":105,"minecraft:diamond_sword":1,"minecraft:iron_trapdoor":1,"minecraft:spruce_sign":3,"minecraft:dark_oak_stairs":8,"minecraft:bucket":2,"minecraft:air":0,"minecraft:bread":150,"minecraft:jungle_planks":2796,"minecraft:blue_dye":41,"minecraft:white_wool":54,"minecraft:white_dye":1,"minecraft:blue_wool":28,"minecraft:anvil":6,"minecraft:pumpkin_pie":36,"minecraft:torch":532,"minecraft:lapis_block":26,"minecraft:firework_rocket":859},"minecraft:broken":{"minecraft:shears":10,"minecraft:shield":3,"minecraft:diamond_hoe":1,"minecraft:flint_and_steel":1},"minecraft:killed":{"minecraft:shulker":34,"minecraft:skeleton":23,"minecraft:chicken":31,"minecraft:magma_cube":52,"minecraft:iron_golem":7,"minecraft:pillager":1,"minecraft:zombie":54,"minecraft:glow_squid":1,"minecraft:cow":16,"minecraft:wandering_trader":1,"minecraft:enderman":19,"minecraft:zombified_piglin":9,"minecraft:spider":3,"minecraft:wither":3,"minecraft:silverfish":5,"minecraft:wolf":1,"minecraft:piglin":3,"minecraft:pig":18,"minecraft:creeper":9,"minecraft:sheep":19,"minecraft:trader_llama":2,"minecraft:ghast":1,"minecraft:blaze":29,"minecraft:phantom":4,"minecraft:wither_skeleton":59},"minecraft:custom":{"minecraft:interact_with_crafting_table":242,"minecraft:open_barrel":6,"minecraft:bell_ring":11,"minecraft:leave_game":41,"minecraft:time_since_death":503159,"minecraft:damage_blocked_by_shield":6324,"minecraft:play_time":2605830,"minecraft:deaths":7,"minecraft:jump":24462,"minecraft:enchant_item":8,"minecraft:interact_with_furnace":247,"minecraft:traded_with_villager":2927,"minecraft:sleep_in_bed":90,"minecraft:damage_dealt":49265,"minecraft:interact_with_smoker":4,"minecraft:interact_with_smithing_table":11,"minecraft:interact_with_anvil":64,"minecraft:inspect_hopper":9,"minecraft:sneak_time":65711,"minecraft:interact_with_blast_furnace":130,"minecraft:total_world_time":2605830,"minecraft:interact_with_stonecutter":28,"minecraft:time_since_rest":16199,"minecraft:swim_one_cm":32744,"minecraft:fly_one_cm":8904765,"minecraft:open_chest":1412,"minecraft:fall_one_cm":738232,"minecraft:animals_bred":11,"minecraft:open_shulker_box":541,"minecraft:damage_resisted":1128,"minecraft:sprint_one_cm":3963754,"minecraft:drop":574,"minecraft:talked_to_villager":757,"minecraft:interact_with_brewingstand":21,"minecraft:walk_on_water_one_cm":96998,"minecraft:open_enderchest":156,"minecraft:interact_with_beacon":32,"minecraft:player_kills":1,"minecraft:crouch_one_cm":165766,"minecraft:mob_kills":410,"minecraft:climb_one_cm":145760,"minecraft:walk_one_cm":7529562,"minecraft:walk_under_water_one_cm":53590,"minecraft:boat_one_cm":124069,"minecraft:interact_with_grindstone":6,"minecraft:damage_taken":25644,"minecraft:damage_absorbed":81,"minecraft:minecart_one_cm":2363,"minecraft:aviate_one_cm":24447252},"minecraft:dropped":{"minecraft:short_grass":22,"minecraft:lapis_lazuli":14,"minecraft:glow_ink_sac":6,"minecraft:diamond":50,"minecraft:crafting_table":1,"minecraft:crossbow":41,"minecraft:glow_berries":1,"minecraft:cracked_stone_bricks":2,"minecraft:elytra":3,"minecraft:rail":51,"minecraft:emerald":180,"minecraft:gold_block":12,"minecraft:dirt":259,"minecraft:dark_oak_trapdoor":1,"minecraft:snout_armor_trim_smithing_template":1,"minecraft:jungle_sapling":8,"minecraft:gold_nugget":16,"minecraft:bone_meal":2,"minecraft:iron_pickaxe":2,"minecraft:white_wool":111,"minecraft:bone":4,"minecraft:sugar_cane":1,"minecraft:iron_nugget":7,"minecraft:cobbled_deepslate":1074,"minecraft:netherite_sword":1,"minecraft:wheat":11,"minecraft:obsidian":8,"minecraft:rotten_flesh":93,"minecraft:netherite_shovel":1,"minecraft:blaze_powder":1,"minecraft:jungle_trapdoor":5,"minecraft:chiseled_deepslate":192,"minecraft:deepslate_tiles":192,"minecraft:jungle_log":1,"minecraft:spruce_slab":12,"minecraft:enchanted_book":1,"minecraft:iron_ingot":498,"minecraft:netherite_pickaxe":2,"minecraft:wheat_seeds":92,"minecraft:mangrove_trapdoor":1,"minecraft:tnt":37,"minecraft:feather":2,"minecraft:cobblestone":241,"minecraft:book":18,"minecraft:apple":17,"minecraft:granite":14,"minecraft:coal":24,"minecraft:golden_apple":1,"minecraft:warped_trapdoor":1,"minecraft:golden_carrot":76,"minecraft:diamond_helmet":1,"minecraft:potion":13,"minecraft:armadillo_scute":3,"minecraft:smooth_stone":1,"minecraft:string":4,"minecraft:acacia_planks":1,"minecraft:stone_brick_slab":26,"minecraft:furnace":2,"minecraft:netherite_hoe":1,"minecraft:stone_sword":1,"minecraft:cocoa_beans":30,"minecraft:deepslate":1663,"minecraft:bowl":8,"minecraft:clay_ball":144,"minecraft:iron_boots":1,"minecraft:stone_slab":2,"minecraft:white_shulker_box":1,"minecraft:nether_bricks":2,"minecraft:shears":2,"minecraft:suspicious_stew":1,"minecraft:diamond_sword":8,"minecraft:stone":89,"minecraft:spruce_planks":1,"minecraft:diamond_pickaxe":7,"minecraft:redstone_torch":1,"minecraft:bamboo":1,"minecraft:spider_eye":1,"minecraft:stone_bricks":66,"minecraft:bow":35,"minecraft:bamboo_trapdoor":1,"minecraft:dark_oak_stairs":2,"minecraft:diamond_axe":3,"minecraft:baked_potato":28,"minecraft:nether_star":2,"minecraft:lantern":1,"minecraft:chest_minecart":2,"minecraft:red_wool":30,"minecraft:jungle_planks":11,"minecraft:birch_slab":12,"minecraft:flint":10,"minecraft:cobblestone_stairs":18,"minecraft:crimson_trapdoor":1,"minecraft:netherite_scrap":2,"minecraft:jungle_button":1,"minecraft:cherry_trapdoor":1,"minecraft:coast_armor_trim_smithing_template":2,"minecraft:polished_blackstone_bricks":1,"minecraft:gold_ingot":24,"minecraft:gravel":78,"minecraft:yellow_wool":37,"minecraft:beetroot":1,"minecraft:diamond_shovel":2,"minecraft:fern":3,"minecraft:poppy":3,"minecraft:gunpowder":5,"minecraft:birch_trapdoor":1,"minecraft:reinforced_deepslate":64,"minecraft:beetroot_seeds":1,"minecraft:chest":1,"minecraft:iron_bars":2,"minecraft:arrow":50,"minecraft:scaffolding":9,"minecraft:oak_leaves":56,"minecraft:netherrack":913,"minecraft:firework_rocket":184,"minecraft:bread":27,"minecraft:oak_slab":4,"minecraft:vine":10,"minecraft:smithing_table":4,"minecraft:diamond_leggings":4,"minecraft:poisonous_potato":2,"minecraft:netherite_axe":1,"minecraft:grass_block":1,"minecraft:acacia_trapdoor":1,"minecraft:stick":145,"minecraft:iron_block":75,"minecraft:blue_dye":1,"minecraft:diorite":21,"minecraft:torch":50,"minecraft:iron_door":1,"minecraft:jungle_leaves":3,"minecraft:redstone":14,"minecraft:polished_deepslate":128,"minecraft:oak_trapdoor":1,"minecraft:ender_chest":2,"minecraft:raw_copper":1,"minecraft:blaze_rod":1,"minecraft:wild_armor_trim_smithing_template":4,"minecraft:tuff":80,"minecraft:composter":1,"minecraft:raw_iron":47,"minecraft:wither_skeleton_skull":1,"minecraft:ender_eye":2,"minecraft:shulker_box":3,"minecraft:glass_pane":1,"minecraft:netherite_leggings":1,"minecraft:filled_map":1,"minecraft:shield":2,"minecraft:oak_button":10,"minecraft:diamond_chestplate":5,"minecraft:andesite":34,"minecraft:mossy_stone_bricks":1,"minecraft:oak_sapling":16,"minecraft:golden_sword":1,"minecraft:diamond_boots":2,"minecraft:spruce_log":1,"minecraft:raw_gold":1,"minecraft:cracked_deepslate_bricks":128}},"DataVersion":3839}