{"stats":{"minecraft:custom":{"minecraft:animals_bred":4,"minecraft:interact_with_crafting_table":86,"minecraft:open_barrel":5,"minecraft:open_shulker_box":132,"minecraft:leave_game":18,"minecraft:time_since_death":722331,"minecraft:damage_resisted":366,"minecraft:sprint_one_cm":1376873,"minecraft:drop":223,"minecraft:talked_to_villager":183,"minecraft:play_time":722331,"minecraft:jump":6830,"minecraft:walk_on_water_one_cm":30646,"minecraft:interact_with_furnace":48,"minecraft:traded_with_villager":1062,"minecraft:sleep_in_bed":23,"minecraft:open_enderchest":69,"minecraft:damage_dealt":16473,"minecraft:interact_with_beacon":25,"minecraft:crouch_one_cm":140718,"minecraft:interact_with_anvil":2,"minecraft:mob_kills":114,"minecraft:inspect_hopper":53,"minecraft:climb_one_cm":11765,"minecraft:walk_one_cm":1788966,"minecraft:sneak_time":33129,"minecraft:walk_under_water_one_cm":31734,"minecraft:total_world_time":722331,"minecraft:interact_with_stonecutter":5,"minecraft:time_since_rest":52604,"minecraft:damage_taken":4824,"minecraft:swim_one_cm":7042,"minecraft:fly_one_cm":1032043,"minecraft:open_chest":416,"minecraft:aviate_one_cm":9177393,"minecraft:fall_one_cm":248403},"minecraft:killed":{"minecraft:witch":1,"minecraft:spider":7,"minecraft:skeleton":25,"minecraft:piglin":2,"minecraft:parrot":1,"minecraft:creeper":9,"minecraft:pillager":4,"minecraft:zombie":33,"minecraft:slime":21,"minecraft:drowned":1,"minecraft:frog":2,"minecraft:squid":5},"minecraft:picked_up":{"minecraft:redstone_block":1,"minecraft:ender_chest":17,"minecraft:nether_brick_fence":24,"minecraft:light_gray_shulker_box":1,"minecraft:smithing_table":1,"minecraft:lead":11,"minecraft:nether_brick":311,"minecraft:stone_brick_stairs":7,"minecraft:amethyst_block":9,"minecraft:soul_soil":23,"minecraft:string":73,"minecraft:raw_copper":304,"minecraft:deepslate_lapis_ore":12,"minecraft:red_nether_bricks":60,"minecraft:activator_rail":2,"minecraft:gold_nugget":14,"minecraft:cobbled_deepslate":13,"minecraft:bucket":6,"minecraft:spruce_planks":2,"minecraft:redstone_torch":7,"minecraft:furnace":51,"minecraft:deepslate_iron_ore":62,"minecraft:stick":54,"minecraft:orange_shulker_box":8,"minecraft:torch":117,"minecraft:cherry_log":153,"minecraft:diorite":23,"minecraft:deepslate_tile_stairs":3,"minecraft:chiseled_nether_bricks":1,"minecraft:quartz_block":302,"minecraft:rotten_flesh":83,"minecraft:carved_pumpkin":2,"minecraft:brown_shulker_box":4,"minecraft:iron_block":380,"minecraft:glowstone":7,"minecraft:deepslate_copper_ore":23,"minecraft:tadpole_bucket":9,"minecraft:obsidian":12,"minecraft:cobblestone":435,"minecraft:birch_log":12,"minecraft:magma_block":6,"minecraft:feather":2,"minecraft:birch_slab":3,"minecraft:andesite":82,"minecraft:copper_block":18,"minecraft:beacon":3,"minecraft:chiseled_quartz_block":21,"minecraft:flint":9,"minecraft:tuff":9,"minecraft:magenta_bed":1,"minecraft:green_shulker_box":7,"minecraft:dirt":1027,"minecraft:glass":66,"minecraft:bone":44,"minecraft:stonecutter":5,"minecraft:bow":2,"minecraft:cobbled_deepslate_wall":1,"minecraft:wheat_seeds":12,"minecraft:raw_gold":123,"minecraft:cobbled_deepslate_slab":4,"minecraft:mossy_stone_bricks":1,"minecraft:powered_rail":14,"minecraft:moss_block":12,"minecraft:oak_planks":118,"minecraft:black_stained_glass_pane":8,"minecraft:sand":856,"minecraft:nether_brick_stairs":161,"minecraft:ink_sac":10,"minecraft:grass_block":2,"minecraft:diamond_block":9,"minecraft:jungle_slab":1,"minecraft:barrel":20,"minecraft:shulker_box":2,"minecraft:sugar":4,"minecraft:deepslate":131,"minecraft:black_concrete":92,"minecraft:lever":3,"minecraft:deepslate_gold_ore":51,"minecraft:crossbow":1,"minecraft:granite":214,"minecraft:bone_meal":25,"minecraft:emerald":8,"minecraft:oak_sapling":34,"minecraft:netherrack":759,"minecraft:crafting_table":6,"minecraft:bee_nest":1,"minecraft:nether_wart":322,"minecraft:clay_ball":92,"minecraft:chest_minecart":2,"minecraft:redstone_lamp":4,"minecraft:brown_mushroom":1,"minecraft:gold_block":1,"minecraft:flint_and_steel":1,"minecraft:quartz_slab":11,"minecraft:blue_orchid":28,"minecraft:deepslate_diamond_ore":24,"minecraft:poppy":4,"minecraft:minecart":4,"minecraft:quartz_stairs":250,"minecraft:sugar_cane":27,"minecraft:chest":9,"minecraft:copper_ore":89,"minecraft:black_stained_glass":41,"minecraft:raw_iron":1,"minecraft:stone":2344,"minecraft:copper_ingot":1,"minecraft:cut_red_sandstone_slab":3,"minecraft:polished_blackstone_bricks":34,"minecraft:quartz_pillar":24,"minecraft:carrot":2,"minecraft:trident":1,"minecraft:redstone":11,"minecraft:arrow":71,"minecraft:red_shulker_box":1,"minecraft:nether_bricks":46,"minecraft:deepslate_bricks":6,"minecraft:white_shulker_box":25,"minecraft:rail":244,"minecraft:jungle_boat":1,"minecraft:leather":2,"minecraft:filled_map":1,"minecraft:oak_log":197,"minecraft:gunpowder":16,"minecraft:white_banner":1,"minecraft:apple":7,"minecraft:stone_bricks":127,"minecraft:spore_blossom":3,"minecraft:iron_ingot":3,"minecraft:iron_ore":56,"minecraft:soul_sand":208,"minecraft:book":12,"minecraft:oak_slab":5,"minecraft:nether_quartz_ore":3,"minecraft:emerald_block":21,"minecraft:chiseled_stone_bricks":1,"minecraft:quartz":1668,"minecraft:gravel":121,"minecraft:birch_stairs":4,"minecraft:amethyst_shard":210,"minecraft:spruce_sapling":9,"minecraft:spruce_log":132,"minecraft:gold_ore":4,"minecraft:crying_obsidian":1,"minecraft:spider_eye":5,"minecraft:firework_rocket":89,"minecraft:pumpkin_seeds":8,"minecraft:coal_ore":199,"minecraft:slime_ball":41,"minecraft:redstone_ore":1,"minecraft:deepslate_redstone_ore":27,"minecraft:painting":1,"minecraft:cherry_sapling":19,"minecraft:warped_roots":1,"minecraft:terracotta":1,"minecraft:warped_nylium":42,"minecraft:coal":252,"minecraft:hopper":33,"minecraft:ender_pearl":1},"minecraft:mined":{"minecraft:cut_red_sandstone_slab":2,"minecraft:spruce_planks":2,"minecraft:red_shulker_box":1,"minecraft:cherry_log":153,"minecraft:red_nether_bricks":61,"minecraft:obsidian":12,"minecraft:carved_pumpkin":2,"minecraft:cave_vines_plant":1,"minecraft:granite":110,"minecraft:budding_amethyst":1,"minecraft:grass_block":143,"minecraft:deepslate_bricks":7,"minecraft:soul_soil":25,"minecraft:hopper":28,"minecraft:nether_wart":92,"minecraft:chiseled_stone_bricks":1,"minecraft:spawner":1,"minecraft:polished_blackstone_bricks":35,"minecraft:magma_block":14,"minecraft:cobbled_deepslate":13,"minecraft:iron_ore":59,"minecraft:fire":19,"minecraft:barrel":20,"minecraft:moss_carpet":1,"minecraft:deepslate_lapis_ore":12,"minecraft:nether_brick_stairs":166,"minecraft:cave_vines":1,"minecraft:dirt_path":1,"minecraft:quartz_slab":11,"minecraft:white_shulker_box":25,"minecraft:blue_orchid":14,"minecraft:iron_block":380,"minecraft:deepslate_redstone_ore":28,"minecraft:brown_shulker_box":4,"minecraft:quartz_block":305,"minecraft:amethyst_cluster":26,"minecraft:chiseled_quartz_block":21,"minecraft:clay":30,"minecraft:torch":35,"minecraft:calcite":2,"minecraft:poppy":1,"minecraft:beacon":3,"minecraft:chest":10,"minecraft:glass":2,"minecraft:nether_quartz_ore":770,"minecraft:cobblestone":24,"minecraft:oak_planks":82,"minecraft:sugar_cane":13,"minecraft:wall_torch":21,"minecraft:amethyst_block":11,"minecraft:deepslate_copper_ore":37,"minecraft:seagrass":1,"minecraft:warped_nylium":46,"minecraft:powered_rail":11,"minecraft:birch_log":12,"minecraft:activator_rail":2,"minecraft:copper_block":18,"minecraft:stone_brick_stairs":4,"minecraft:oak_log":136,"minecraft:sand":889,"minecraft:dirt":514,"minecraft:stonecutter":5,"minecraft:netherrack":661,"minecraft:oak_leaves":25,"minecraft:deepslate":139,"minecraft:emerald_block":21,"minecraft:redstone_lamp":1,"minecraft:nether_gold_ore":1,"minecraft:crying_obsidian":1,"minecraft:tuff":8,"minecraft:quartz_stairs":250,"minecraft:deepslate_diamond_ore":24,"minecraft:shulker_box":2,"minecraft:lever":2,"minecraft:nether_bricks":35,"minecraft:cobbled_deepslate_slab":6,"minecraft:orange_shulker_box":8,"minecraft:spruce_leaves":9,"minecraft:moss_block":6,"minecraft:black_stained_glass_pane":8,"minecraft:spore_blossom":2,"minecraft:redstone_ore":1,"minecraft:spruce_sapling":2,"minecraft:furnace":9,"minecraft:light_gray_shulker_box":1,"minecraft:andesite":81,"minecraft:diamond_block":9,"minecraft:black_concrete":42,"minecraft:gold_block":1,"minecraft:nether_brick_fence":24,"minecraft:bookshelf":4,"minecraft:deepslate_iron_ore":65,"minecraft:vine":17,"minecraft:rail":123,"minecraft:stone":2556,"minecraft:ender_chest":15,"minecraft:podzol":317,"minecraft:birch_stairs":2,"minecraft:redstone_block":1,"minecraft:chiseled_nether_bricks":1,"minecraft:soul_sand":96,"minecraft:crafting_table":4,"minecraft:cobbled_deepslate_wall":1,"minecraft:short_grass":52,"minecraft:copper_ore":116,"minecraft:tall_grass":1,"minecraft:deepslate_gold_ore":103,"minecraft:lily_pad":1,"minecraft:diorite":36,"minecraft:black_stained_glass":28,"minecraft:green_shulker_box":6,"minecraft:redstone_torch":5,"minecraft:spruce_log":132,"minecraft:quartz_pillar":25,"minecraft:bee_nest":1,"minecraft:coal_ore":158,"minecraft:cherry_leaves":69,"minecraft:gravel":77,"minecraft:terracotta":1,"minecraft:stone_bricks":104,"minecraft:polished_andesite":1,"minecraft:gold_ore":8},"minecraft:crafted":{"minecraft:brick":420,"minecraft:black_dye":10,"minecraft:oak_planks":676,"minecraft:barrel":6,"minecraft:chain":102,"minecraft:lever":21,"minecraft:bookshelf":8,"minecraft:iron_bars":16,"minecraft:quartz_block":512,"minecraft:glass":573,"minecraft:hopper":42,"minecraft:polished_blackstone":16,"minecraft:chest":76,"minecraft:copper_block":38,"minecraft:chiseled_stone_bricks":112,"minecraft:chiseled_quartz_block":12,"minecraft:rail":240,"minecraft:stone_bricks":632,"minecraft:redstone_lamp":1,"minecraft:quartz_stairs":200,"minecraft:oak_slab":12,"minecraft:emerald":620,"minecraft:crafting_table":5,"minecraft:chiseled_nether_bricks":6,"minecraft:spruce_planks":44,"minecraft:chest_minecart":2,"minecraft:red_nether_bricks":64,"minecraft:hopper_minecart":10,"minecraft:oak_wood":3,"minecraft:birch_planks":48,"minecraft:green_glazed_terracotta":7,"minecraft:green_terracotta":5,"minecraft:stick":92,"minecraft:iron_ingot":1783,"minecraft:iron_block":858,"minecraft:gold_ingot":9,"minecraft:polished_blackstone_bricks":16,"minecraft:shears":1,"minecraft:polished_andesite":64,"minecraft:golden_carrot":267,"minecraft:nether_brick_slab":12,"minecraft:redstone":27,"minecraft:iron_nugget":225,"minecraft:oak_trapdoor":2,"minecraft:flint_and_steel":1,"minecraft:lantern":7,"minecraft:ladder":3,"minecraft:quartz_slab":24,"minecraft:lead":2,"minecraft:minecart":20,"minecraft:dripstone_block":4,"minecraft:light_blue_glazed_terracotta":4,"minecraft:powered_rail":60,"minecraft:activator_rail":6,"minecraft:nether_bricks":22,"minecraft:bucket":14,"minecraft:enchanted_book":2,"minecraft:air":0,"minecraft:black_stained_glass":80,"minecraft:magenta_terracotta":7,"minecraft:stonecutter":4,"minecraft:torch":204,"minecraft:nether_brick_stairs":20},"minecraft:dropped":{"minecraft:moss_block":12,"minecraft:brown_mushroom":1,"minecraft:oak_log":62,"minecraft:spore_blossom":1,"minecraft:crafting_table":2,"minecraft:crossbow":1,"minecraft:warped_roots":1,"minecraft:leather":2,"minecraft:rail":119,"minecraft:birch_slab":3,"minecraft:flint":5,"minecraft:emerald":8,"minecraft:dirt":213,"minecraft:redstone_lamp":3,"minecraft:gold_nugget":14,"minecraft:bone_meal":25,"minecraft:sugar":4,"minecraft:black_concrete":50,"minecraft:black_stained_glass":72,"minecraft:birch_stairs":4,"minecraft:bone":37,"minecraft:gravel":68,"minecraft:sugar_cane":4,"minecraft:iron_nugget":15,"minecraft:cut_red_sandstone_slab":2,"minecraft:rotten_flesh":65,"minecraft:oak_planks":49,"minecraft:carrot":2,"minecraft:poppy":2,"minecraft:gunpowder":5,"minecraft:deepslate_copper_ore":4,"minecraft:coal_ore":74,"minecraft:glowstone":7,"minecraft:hopper":6,"minecraft:painting":1,"minecraft:red_nether_bricks":21,"minecraft:arrow":27,"minecraft:powered_rail":2,"minecraft:glass":64,"minecraft:white_concrete_powder":128,"minecraft:stone_brick_stairs":4,"minecraft:quartz":1,"minecraft:netherrack":400,"minecraft:firework_rocket":89,"minecraft:iron_ingot":4,"minecraft:oak_slab":5,"minecraft:wheat_seeds":10,"minecraft:smithing_table":1,"minecraft:minecart":1,"minecraft:tadpole_bucket":8,"minecraft:cobblestone":42,"minecraft:lead":5,"minecraft:apple":3,"minecraft:granite":107,"minecraft:copper_ingot":1,"minecraft:grass_block":2,"minecraft:stick":37,"minecraft:jungle_slab":1,"minecraft:diorite":23,"minecraft:torch":42,"minecraft:white_banner":1,"minecraft:string":70,"minecraft:bucket":6,"minecraft:redstone":11,"minecraft:furnace":42,"minecraft:soul_soil":52,"minecraft:ender_chest":2,"minecraft:nether_wart":38,"minecraft:deepslate":2,"minecraft:tuff":4,"minecraft:raw_iron":1,"minecraft:clay_ball":72,"minecraft:cobbled_deepslate_slab":4,"minecraft:nether_bricks":52,"minecraft:pumpkin_seeds":8,"minecraft:flint_and_steel":1,"minecraft:stone":261,"minecraft:andesite":20,"minecraft:mossy_stone_bricks":1,"minecraft:quartz_stairs":2,"minecraft:oak_sapling":28,"minecraft:redstone_torch":4,"minecraft:spider_eye":5,"minecraft:stone_bricks":25,"minecraft:slime_ball":5,"minecraft:bow":2,"minecraft:blue_orchid":14,"minecraft:magma_block":8},"minecraft:used":{"minecraft:nether_brick_fence":36,"minecraft:cut_red_sandstone_slab":1,"minecraft:elytra":3,"minecraft:ladder":3,"minecraft:chest":34,"minecraft:stone":418,"minecraft:nether_wart":76,"minecraft:white_shulker_box":25,"minecraft:quartz_stairs":453,"minecraft:soul_sand":18,"minecraft:nether_bricks":77,"minecraft:tuff":3,"minecraft:axolotl_bucket":1,"minecraft:obsidian":33,"minecraft:glass":75,"minecraft:netherite_shovel":2114,"minecraft:coal_ore":15,"minecraft:quartz_pillar":45,"minecraft:quartz_slab":11,"minecraft:black_stained_glass_pane":64,"minecraft:deepslate_copper_ore":14,"minecraft:orange_shulker_box":8,"minecraft:quartz_block":530,"minecraft:copper_ore":26,"minecraft:netherite_hoe":91,"minecraft:hopper_minecart":10,"minecraft:stone_brick_stairs":1,"minecraft:stone_bricks":338,"minecraft:repeater":1,"minecraft:redstone_lamp":1,"minecraft:magma_block":14,"minecraft:bow":7,"minecraft:furnace":19,"minecraft:powered_rail":73,"minecraft:oak_planks":77,"minecraft:ender_pearl":1,"minecraft:redstone_block":3,"minecraft:chiseled_quartz_block":37,"minecraft:shears":2,"minecraft:redstone_torch":9,"minecraft:lever":24,"minecraft:black_concrete":94,"minecraft:firework_rocket":371,"minecraft:spore_blossom":2,"minecraft:deepslate":43,"minecraft:gravel":18,"minecraft:andesite":24,"minecraft:chain":80,"minecraft:chest_minecart":4,"minecraft:flint_and_steel":3,"minecraft:netherite_sword":231,"minecraft:redstone":1,"minecraft:spruce_planks":25,"minecraft:ender_chest":16,"minecraft:brown_shulker_box":5,"minecraft:deepslate_gold_ore":50,"minecraft:netherrack":276,"minecraft:torch":430,"minecraft:light_gray_shulker_box":1,"minecraft:dirt":929,"minecraft:hopper":59,"minecraft:nether_quartz_ore":3,"minecraft:shulker_box":2,"minecraft:nether_brick_stairs":208,"minecraft:red_shulker_box":1,"minecraft:bookshelf":4,"minecraft:iron_block":561,"minecraft:barrel":26,"minecraft:tadpole_bucket":11,"minecraft:golden_carrot":82,"minecraft:black_stained_glass":37,"minecraft:emerald_block":10,"minecraft:soul_soil":23,"minecraft:netherite_pickaxe":7068,"minecraft:minecart":11,"minecraft:cobbled_deepslate":1,"minecraft:cherry_log":24,"minecraft:water_bucket":22,"minecraft:light_blue_glazed_terracotta":4,"minecraft:polished_andesite":18,"minecraft:netherite_chestplate":2,"minecraft:red_nether_bricks":101,"minecraft:copper_block":18,"minecraft:chiseled_nether_bricks":6,"minecraft:beacon":3,"minecraft:stonecutter":9,"minecraft:gold_ore":4,"minecraft:deepslate_bricks":4,"minecraft:polished_blackstone_bricks":39,"minecraft:diamond_block":3,"minecraft:terracotta":1,"minecraft:rail":304,"minecraft:comparator":1,"minecraft:crafting_table":9,"minecraft:magenta_bed":1,"minecraft:spruce_log":2,"minecraft:oak_log":2,"minecraft:activator_rail":2,"minecraft:netherite_axe":588,"minecraft:spruce_sapling":2,"minecraft:chiseled_stone_bricks":1,"minecraft:green_shulker_box":7,"minecraft:cobblestone":37,"minecraft:bucket":41}},"DataVersion":3839}