{"stats":{"minecraft:mined":{"minecraft:white_bed":7,"minecraft:cherry_log":249,"minecraft:jungle_leaves":39,"minecraft:granite":444,"minecraft:acacia_log":20,"minecraft:jungle_log":148,"minecraft:deepslate_bricks":1,"minecraft:deepslate_tile_stairs":49,"minecraft:purpur_slab":2,"minecraft:bamboo_block":1,"minecraft:hopper":9,"minecraft:oak_wall_sign":1,"minecraft:chiseled_stone_bricks":10,"minecraft:magma_block":2,"minecraft:cobbled_deepslate":3,"minecraft:fire":8,"minecraft:barrel":4,"minecraft:deepslate_lapis_ore":13,"minecraft:cave_vines":3,"minecraft:dirt_path":35,"minecraft:oak_stairs":66,"minecraft:spruce_wood":75,"minecraft:iron_block":192,"minecraft:tripwire":58,"minecraft:deepslate_tile_slab":18,"minecraft:torch":44,"minecraft:blast_furnace":3,"minecraft:melon":2,"minecraft:polished_andesite_stairs":1,"minecraft:glass":29,"minecraft:sugar_cane":560,"minecraft:white_terracotta":358,"minecraft:bamboo_planks":2,"minecraft:mud":10,"minecraft:black_bed":4,"minecraft:stone_brick_stairs":7,"minecraft:copper_block":2,"minecraft:blue_shulker_box":17,"minecraft:red_mushroom_block":49,"minecraft:stonecutter":1,"minecraft:deepslate":645,"minecraft:yellow_terracotta":97,"minecraft:deepslate_tiles":109,"minecraft:mossy_cobblestone":3,"minecraft:dark_oak_log":71,"minecraft:shulker_box":36,"minecraft:end_stone":99,"minecraft:jungle_planks":56,"minecraft:moss_block":6,"minecraft:snow":1,"minecraft:andesite":179,"minecraft:vine":95,"minecraft:rail":19,"minecraft:bamboo_sapling":3,"minecraft:bamboo":43,"minecraft:cut_copper":2,"minecraft:white_wool":11,"minecraft:ender_chest":7,"minecraft:smithing_table":1,"minecraft:glass_pane":5,"minecraft:cherry_planks":5,"minecraft:soul_sand":31,"minecraft:stone_brick_slab":6,"minecraft:observer":28,"minecraft:dandelion":22,"minecraft:cobbled_deepslate_wall":3,"minecraft:cornflower":1,"minecraft:short_grass":247,"minecraft:purpur_pillar":10,"minecraft:tall_grass":1,"minecraft:copper_ore":48,"minecraft:deepslate_gold_ore":30,"minecraft:diorite":208,"minecraft:stripped_spruce_wood":8,"minecraft:spruce_log":287,"minecraft:birch_leaves":51,"minecraft:gravel":398,"minecraft:cobweb":24,"minecraft:brown_terracotta":1,"minecraft:acacia_planks":3,"minecraft:oak_button":110,"minecraft:stone_bricks":218,"minecraft:gold_ore":3,"minecraft:fern":65,"minecraft:spruce_planks":101,"minecraft:cobblestone_stairs":7,"minecraft:andesite_stairs":2,"minecraft:sculk_vein":9,"minecraft:brewing_stand":1,"minecraft:cave_vines_plant":5,"minecraft:grass_block":1489,"minecraft:polished_diorite":47,"minecraft:smooth_stone":34,"minecraft:glowstone":33,"minecraft:sculk_catalyst":1,"minecraft:iron_ore":15,"minecraft:anvil":2,"minecraft:end_stone_bricks":6,"minecraft:deepslate_redstone_ore":58,"minecraft:brown_shulker_box":21,"minecraft:blackstone":365,"minecraft:exposed_copper":1,"minecraft:magenta_wall_banner":2,"minecraft:orange_terracotta":1,"minecraft:purpur_stairs":8,"minecraft:clay":31,"minecraft:calcite":175,"minecraft:poppy":2,"minecraft:beacon":1,"minecraft:chest":47,"minecraft:mushroom_stem":13,"minecraft:nether_quartz_ore":788,"minecraft:cobblestone":40,"minecraft:oak_planks":15,"minecraft:iron_door":10,"minecraft:wall_torch":26,"minecraft:deepslate_copper_ore":1,"minecraft:pink_petals":1,"minecraft:stone_stairs":15,"minecraft:yellow_wool":14,"minecraft:birch_log":5,"minecraft:tnt":11,"minecraft:purpur_block":56,"minecraft:smooth_stone_slab":43,"minecraft:oak_log":154,"minecraft:sand":279,"minecraft:dirt":1044,"minecraft:netherrack":15062,"minecraft:ancient_debris":37,"minecraft:polished_deepslate_wall":1,"minecraft:oak_leaves":230,"minecraft:nether_gold_ore":43,"minecraft:tuff":55,"minecraft:dark_oak_leaves":152,"minecraft:deepslate_diamond_ore":18,"minecraft:ladder":1,"minecraft:stone_button":1,"minecraft:brown_mushroom_block":45,"minecraft:spruce_leaves":54,"minecraft:hay_block":11,"minecraft:spruce_sapling":4,"minecraft:furnace":22,"minecraft:carrots":152,"minecraft:chiseled_deepslate":43,"minecraft:gold_block":2,"minecraft:bookshelf":13,"minecraft:deepslate_iron_ore":28,"minecraft:chorus_plant":5,"minecraft:stone":3731,"minecraft:acacia_leaves":153,"minecraft:scaffolding":11,"minecraft:infested_stone_bricks":1,"minecraft:snow_block":16,"minecraft:basalt":128,"minecraft:polished_granite":3,"minecraft:oak_fence":1,"minecraft:crafting_table":18,"minecraft:sculk_sensor":9,"minecraft:stone_slab":4,"minecraft:quartz_bricks":106,"minecraft:deepslate_coal_ore":5,"minecraft:lapis_ore":9,"minecraft:sculk":341,"minecraft:sea_pickle":1,"minecraft:bee_nest":1,"minecraft:coal_ore":169,"minecraft:cocoa":1,"minecraft:cherry_leaves":428,"minecraft:end_rod":12,"minecraft:terracotta":201},"minecraft:used":{"minecraft:chiseled_deepslate":53,"minecraft:bamboo_sign":1,"minecraft:ladder":4,"minecraft:elytra":6,"minecraft:chest":94,"minecraft:stone":969,"minecraft:quartz_stairs":40,"minecraft:cut_copper":2,"minecraft:lava_bucket":6,"minecraft:black_stained_glass_pane":3,"minecraft:grass_block":9,"minecraft:birch_sapling":1,"minecraft:polished_andesite_stairs":56,"minecraft:dark_oak_leaves":89,"minecraft:cherry_leaves":71,"minecraft:stone_brick_stairs":61,"minecraft:bow":49,"minecraft:oak_sapling":2,"minecraft:furnace":28,"minecraft:deepslate_brick_wall":12,"minecraft:diorite":9,"minecraft:end_stone_bricks":1,"minecraft:purpur_pillar":2,"minecraft:jungle_boat":4,"minecraft:cookie":11,"minecraft:sand":1,"minecraft:blast_furnace":4,"minecraft:acacia_leaves":77,"minecraft:deepslate_tiles":364,"minecraft:stone_button":3,"minecraft:polished_granite":3,"minecraft:diamond_sword":486,"minecraft:smithing_table":2,"minecraft:iron_bars":30,"minecraft:armor_stand":3,"minecraft:netherrack":527,"minecraft:torch":520,"minecraft:brewing_stand":1,"minecraft:anvil":2,"minecraft:nether_quartz_ore":235,"minecraft:stone_stairs":185,"minecraft:polished_diorite":49,"minecraft:iron_block":313,"minecraft:iron_axe":261,"minecraft:polished_deepslate_wall":105,"minecraft:jungle_log":4,"minecraft:smooth_quartz":100,"minecraft:barrel":9,"minecraft:bamboo":233,"minecraft:diamond_chestplate":2,"minecraft:glowstone":25,"minecraft:cherry_log":25,"minecraft:acacia_planks":3,"minecraft:cobbled_deepslate":5,"minecraft:observer":61,"minecraft:calcite":11,"minecraft:water_bucket":10,"minecraft:cherry_planks":51,"minecraft:deepslate_bricks":1,"minecraft:rail":59,"minecraft:tnt":136,"minecraft:crafting_table":27,"minecraft:white_bed":8,"minecraft:spruce_log":5,"minecraft:deepslate_tile_wall":18,"minecraft:oak_log":11,"minecraft:mud":9,"minecraft:diamond_pickaxe":24164,"minecraft:diamond_shovel":3210,"minecraft:iron_pickaxe":266,"minecraft:spruce_sapling":20,"minecraft:chiseled_stone_bricks":10,"minecraft:enchanted_book":1,"minecraft:cobblestone":91,"minecraft:potion":11,"minecraft:porkchop":2,"minecraft:andesite_stairs":2,"minecraft:glass_pane":6,"minecraft:dandelion":18,"minecraft:diamond_leggings":1,"minecraft:cherry_sapling":22,"minecraft:iron_shovel":222,"minecraft:oak_sign":9,"minecraft:diamond_hoe":19,"minecraft:shield":23,"minecraft:white_terracotta":430,"minecraft:iron_sword":16,"minecraft:iron_chestplate":1,"minecraft:jungle_planks":97,"minecraft:carrot":268,"minecraft:deepslate_tile_slab":22,"minecraft:tuff":26,"minecraft:obsidian":13,"minecraft:glass":179,"minecraft:coal_ore":2,"minecraft:spruce_wood":91,"minecraft:stone_bricks":890,"minecraft:item_frame":54,"minecraft:redstone_lamp":19,"minecraft:magma_block":6,"minecraft:scaffolding":69,"minecraft:blue_shulker_box":18,"minecraft:dark_oak_sapling":5,"minecraft:end_rod":1,"minecraft:oak_planks":33,"minecraft:ender_pearl":1,"minecraft:redstone_block":19,"minecraft:sugar_cane":15,"minecraft:diamond_axe":1743,"minecraft:white_wool":2,"minecraft:yellow_terracotta":24,"minecraft:light_gray_terracotta":3,"minecraft:crossbow":2,"minecraft:black_bed":6,"minecraft:end_stone":64,"minecraft:shears":656,"minecraft:lever":1,"minecraft:firework_rocket":323,"minecraft:string":2,"minecraft:bread":84,"minecraft:iron_door":6,"minecraft:gravel":7,"minecraft:andesite":17,"minecraft:smooth_stone_slab":393,"minecraft:air":11,"minecraft:bone_meal":10,"minecraft:experience_bottle":36,"minecraft:purpur_block":25,"minecraft:flint_and_steel":62,"minecraft:spruce_planks":493,"minecraft:ender_chest":8,"minecraft:brown_shulker_box":21,"minecraft:stone_hoe":359,"minecraft:dirt":833,"minecraft:hopper":18,"minecraft:shulker_box":35,"minecraft:granite":2,"minecraft:andesite_wall":35,"minecraft:stone_brick_slab":47,"minecraft:bookshelf":5,"minecraft:golden_carrot":34,"minecraft:black_stained_glass":8,"minecraft:deepslate_tile_stairs":68,"minecraft:minecart":1,"minecraft:cobbled_deepslate_wall":12,"minecraft:quartz_bricks":190,"minecraft:cobblestone_stairs":18,"minecraft:glass_bottle":11,"minecraft:polished_andesite":75,"minecraft:baked_potato":39,"minecraft:copper_block":3,"minecraft:beacon":1,"minecraft:stonecutter":3,"minecraft:terracotta":507,"minecraft:bamboo_block":3,"minecraft:piston":9,"minecraft:map":1,"minecraft:jungle_stairs":14,"minecraft:stone_slab":103,"minecraft:yellow_wool":5,"minecraft:bucket":19,"minecraft:pumpkin_pie":36,"minecraft:smooth_stone":339},"minecraft:killed_by":{"minecraft:ender_dragon":2,"minecraft:shulker":1,"minecraft:player":2,"minecraft:enderman":1,"minecraft:skeleton":1},"minecraft:crafted":{"minecraft:smooth_stone":254,"minecraft:oak_sign":9,"minecraft:diamond_shovel":3,"minecraft:bookshelf":5,"minecraft:shulker_box":3,"minecraft:iron_bars":32,"minecraft:glass":64,"minecraft:quartz_block":179,"minecraft:diamond_helmet":2,"minecraft:diamond_leggings":2,"minecraft:iron_door":3,"minecraft:glass_bottle":18,"minecraft:redstone_lamp":15,"minecraft:emerald":1314,"minecraft:diamond_axe":2,"minecraft:polished_andesite_stairs":6,"minecraft:jungle_boat":3,"minecraft:cobbled_deepslate_wall":21,"minecraft:copper_ingot":126,"minecraft:stone_brick_stairs":56,"minecraft:chiseled_deepslate":1,"minecraft:stone_slab":64,"minecraft:compass":1,"minecraft:golden_carrot":69,"minecraft:smooth_stone_slab":72,"minecraft:experience_bottle":36,"minecraft:diamond_hoe":1,"minecraft:bone_meal":420,"minecraft:blue_shulker_box":1,"minecraft:andesite_wall":20,"minecraft:stone_stairs":67,"minecraft:lantern":39,"minecraft:deepslate_brick_wall":15,"minecraft:diamond_boots":2,"minecraft:deepslate_tile_wall":42,"minecraft:redstone_block":18,"minecraft:dark_oak_planks":280,"minecraft:wheat":64,"minecraft:deepslate_tiles":127,"minecraft:glowstone":1,"minecraft:enchanted_book":33,"minecraft:iron_shovel":1,"minecraft:deepslate_tile_stairs":59,"minecraft:iron_leggings":1,"minecraft:oak_planks":456,"minecraft:quartz_bricks":176,"minecraft:stone":363,"minecraft:bamboo_block":3,"minecraft:hopper":11,"minecraft:stone_brick_slab":132,"minecraft:bow":2,"minecraft:chest":26,"minecraft:copper_block":12,"minecraft:jungle_stairs":20,"minecraft:chiseled_stone_bricks":7,"minecraft:stone_hoe":4,"minecraft:stone_bricks":860,"minecraft:arrow":64,"minecraft:crafting_table":11,"minecraft:spruce_planks":434,"minecraft:baked_potato":2,"minecraft:brown_dye":1,"minecraft:tnt":16,"minecraft:paper":618,"minecraft:diamond_pickaxe":3,"minecraft:charcoal":23,"minecraft:shield":1,"minecraft:stick":3136,"minecraft:iron_ingot":56,"minecraft:andesite_stairs":20,"minecraft:deepslate_bricks":168,"minecraft:shears":3,"minecraft:deepslate_tile_slab":64,"minecraft:cherry_planks":780,"minecraft:redstone":54,"minecraft:furnace":12,"minecraft:stone_button":7,"minecraft:blast_furnace":1,"minecraft:piston":10,"minecraft:end_stone_bricks":4,"minecraft:glass_pane":32,"minecraft:scaffolding":60,"minecraft:polished_deepslate":168,"minecraft:iron_axe":1,"minecraft:spruce_wood":63,"minecraft:brown_shulker_box":1,"minecraft:netherite_scrap":37,"minecraft:observer":26,"minecraft:minecart":1,"minecraft:diamond_sword":1,"minecraft:bucket":3,"minecraft:air":0,"minecraft:bread":57,"minecraft:jungle_planks":516,"minecraft:blue_dye":1,"minecraft:cut_copper":4,"minecraft:stonecutter":2,"minecraft:acacia_planks":20,"minecraft:torch":180,"minecraft:lapis_lazuli":10,"minecraft:diamond_chestplate":2,"minecraft:firework_rocket":288},"minecraft:picked_up":{"minecraft:anvil":2,"minecraft:smithing_table":6,"minecraft:stone_slab":43,"minecraft:diamond_sword":12,"minecraft:oak_stairs":56,"minecraft:enchanted_book":1,"minecraft:brewing_stand":1,"minecraft:polished_deepslate_wall":1,"minecraft:polished_deepslate":2,"minecraft:string":134,"minecraft:diamond_leggings":10,"minecraft:gold_nugget":43,"minecraft:cobbled_deepslate":1399,"minecraft:spruce_planks":101,"minecraft:big_dripleaf":3,"minecraft:acacia_log":35,"minecraft:purpur_pillar":12,"minecraft:cherry_log":249,"minecraft:deepslate_tile_stairs":74,"minecraft:bamboo_block":1,"minecraft:armadillo_scute":1,"minecraft:iron_block":191,"minecraft:glowstone":49,"minecraft:end_rod":17,"minecraft:white_terracotta":483,"minecraft:blaze_rod":6,"minecraft:iron_bars":30,"minecraft:birch_log":10,"minecraft:magma_block":1,"minecraft:feather":10,"minecraft:iron_door":4,"minecraft:cherry_leaves":381,"minecraft:water_bucket":10,"minecraft:jungle_log":156,"minecraft:brown_wool":1,"minecraft:acacia_leaves":75,"minecraft:copper_block":16,"minecraft:flint":58,"minecraft:stripped_spruce_wood":8,"minecraft:lantern":20,"minecraft:stonecutter":1,"minecraft:diamond_helmet":8,"minecraft:moss_block":8,"minecraft:barrel":4,"minecraft:dark_oak_log":70,"minecraft:quartz_bricks":106,"minecraft:polished_andesite":23,"minecraft:granite":461,"minecraft:bread":83,"minecraft:diamond_pickaxe":12,"minecraft:spruce_leaves":3,"minecraft:mud":11,"minecraft:crafting_table":18,"minecraft:clay_ball":200,"minecraft:purpur_block":49,"minecraft:cornflower":1,"minecraft:elytra":4,"minecraft:flint_and_steel":3,"minecraft:iron_shovel":1,"minecraft:glass_pane":2,"minecraft:beef":34,"minecraft:iron_nugget":3,"minecraft:jungle_sapling":9,"minecraft:poppy":14,"minecraft:chest":52,"minecraft:birch_sapling":6,"minecraft:piston":1,"minecraft:egg":1,"minecraft:copper_ore":4,"minecraft:stone":2664,"minecraft:oak_door":4,"minecraft:carrot":632,"minecraft:redstone":1100,"minecraft:tnt":11,"minecraft:diamond_chestplate":7,"minecraft:hay_block":11,"minecraft:purpur_slab":3,"minecraft:deepslate_bricks":113,"minecraft:diamond_boots":8,"minecraft:cut_copper":10,"minecraft:yellow_terracotta":199,"minecraft:gold_ingot":15,"minecraft:glow_berries":3,"minecraft:mutton":3,"minecraft:rail":81,"minecraft:white_wool":26,"minecraft:birch_leaves":40,"minecraft:red_mushroom":39,"minecraft:filled_map":4,"minecraft:purpur_stairs":11,"minecraft:oak_log":158,"minecraft:ancient_debris":111,"minecraft:paper":32,"minecraft:birch_pressure_plate":1,"minecraft:stone_bricks":272,"minecraft:apple":17,"minecraft:glass_bottle":2,"minecraft:polished_andesite_stairs":1,"minecraft:gravel":774,"minecraft:spruce_sapling":34,"minecraft:spruce_log":289,"minecraft:firework_rocket":124,"minecraft:diamond_shovel":6,"minecraft:coal_ore":2,"minecraft:polished_diorite":36,"minecraft:diamond_axe":7,"minecraft:oak_button":102,"minecraft:baked_potato":98,"minecraft:melon_seeds":1,"minecraft:hopper":13,"minecraft:ender_pearl":5,"minecraft:shulker_shell":13,"minecraft:chiseled_deepslate":72,"minecraft:wheat":2,"minecraft:exposed_copper":3,"minecraft:ender_chest":8,"minecraft:yellow_wool":33,"minecraft:stone_brick_stairs":24,"minecraft:raw_copper":729,"minecraft:smooth_stone_slab":75,"minecraft:armor_stand":2,"minecraft:oak_sign":1,"minecraft:sea_pickle":4,"minecraft:deepslate_tiles":251,"minecraft:smooth_stone":73,"minecraft:bucket":2,"minecraft:dark_oak_leaves":95,"minecraft:calcite":137,"minecraft:iron_pickaxe":6,"minecraft:deepslate_tile_wall":24,"minecraft:furnace":25,"minecraft:iron_boots":5,"minecraft:blue_wool":3,"minecraft:stick":69,"minecraft:deepslate_brick_wall":18,"minecraft:oak_fence":1,"minecraft:torch":171,"minecraft:porkchop":12,"minecraft:diorite":216,"minecraft:andesite_wall":16,"minecraft:nether_gold_ore":32,"minecraft:rotten_flesh":97,"minecraft:brown_shulker_box":23,"minecraft:cobblestone":1467,"minecraft:pink_petals":4,"minecraft:cherry_planks":84,"minecraft:andesite":223,"minecraft:black_bed":4,"minecraft:beacon":1,"minecraft:tuff":126,"minecraft:lapis_lazuli":622,"minecraft:dirt":3982,"minecraft:polished_granite":31,"minecraft:glass":142,"minecraft:bone":19,"minecraft:acacia_planks":17,"minecraft:bow":4,"minecraft:wheat_seeds":169,"minecraft:cobbled_deepslate_wall":15,"minecraft:raw_gold":124,"minecraft:bamboo":438,"minecraft:oak_planks":45,"minecraft:stone_hoe":2,"minecraft:oak_pressure_plate":8,"minecraft:jungle_planks":314,"minecraft:sand":321,"minecraft:grass_block":3,"minecraft:mossy_cobblestone":4,"minecraft:shulker_box":38,"minecraft:diamond":58,"minecraft:crossbow":1,"minecraft:bone_meal":1,"minecraft:emerald":39,"minecraft:netherrack":2809,"minecraft:oak_sapling":54,"minecraft:chorus_fruit":109,"minecraft:oak_leaves":21,"minecraft:end_stone_bricks":12,"minecraft:cocoa_beans":67,"minecraft:charcoal":54,"minecraft:ladder":4,"minecraft:brown_mushroom":46,"minecraft:gold_block":2,"minecraft:shield":2,"minecraft:stone_stairs":49,"minecraft:item_frame":14,"minecraft:blackstone":257,"minecraft:andesite_stairs":42,"minecraft:oak_boat":5,"minecraft:observer":27,"minecraft:blue_shulker_box":17,"minecraft:sugar_cane":849,"minecraft:dark_oak_sapling":5,"minecraft:raw_iron":104,"minecraft:end_stone":252,"minecraft:copper_ingot":18,"minecraft:stone_button":11,"minecraft:brown_dye":2,"minecraft:arrow":76,"minecraft:jungle_stairs":7,"minecraft:saddle":1,"minecraft:jungle_boat":2,"minecraft:basalt":80,"minecraft:golden_carrot":45,"minecraft:magenta_banner":4,"minecraft:leather":18,"minecraft:cobblestone_stairs":11,"minecraft:gunpowder":39,"minecraft:deepslate_tile_slab":56,"minecraft:orange_terracotta":1,"minecraft:coast_armor_trim_smithing_template":2,"minecraft:spruce_wood":90,"minecraft:iron_ingot":93,"minecraft:acacia_sapling":12,"minecraft:soul_sand":52,"minecraft:book":45,"minecraft:scaffolding":22,"minecraft:nether_quartz_ore":352,"minecraft:bamboo_planks":3,"minecraft:chiseled_stone_bricks":17,"minecraft:stone_brick_slab":113,"minecraft:quartz":802,"minecraft:dandelion":20,"minecraft:blast_furnace":4,"minecraft:white_bed":7,"minecraft:spider_eye":1,"minecraft:cherry_sapling":44,"minecraft:terracotta":259,"minecraft:coal":555},"minecraft:broken":{"minecraft:diamond_pickaxe":1,"minecraft:stone_hoe":2},"minecraft:killed":{"minecraft:shulker":13,"minecraft:skeleton":13,"minecraft:chicken":8,"minecraft:iron_golem":1,"minecraft:ender_dragon":1,"minecraft:zombie":16,"minecraft:cow":18,"minecraft:enderman":3,"minecraft:zombified_piglin":1,"minecraft:spider":6,"minecraft:bee":1,"minecraft:piglin":2,"minecraft:pig":3,"minecraft:creeper":3,"minecraft:sheep":2,"minecraft:bat":1,"minecraft:hoglin":1},"minecraft:custom":{"minecraft:interact_with_crafting_table":115,"minecraft:open_barrel":28,"minecraft:leave_game":35,"minecraft:time_since_death":126839,"minecraft:damage_blocked_by_shield":1110,"minecraft:play_time":1730104,"minecraft:deaths":12,"minecraft:jump":11434,"minecraft:enchant_item":7,"minecraft:interact_with_furnace":131,"minecraft:traded_with_villager":1481,"minecraft:sleep_in_bed":64,"minecraft:damage_dealt":17953,"minecraft:interact_with_smithing_table":1,"minecraft:interact_with_anvil":44,"minecraft:inspect_hopper":4,"minecraft:sneak_time":44822,"minecraft:interact_with_blast_furnace":23,"minecraft:total_world_time":1730104,"minecraft:interact_with_stonecutter":31,"minecraft:time_since_rest":29639,"minecraft:swim_one_cm":3848,"minecraft:fly_one_cm":6626551,"minecraft:open_chest":950,"minecraft:fall_one_cm":481122,"minecraft:open_shulker_box":190,"minecraft:damage_resisted":117,"minecraft:sprint_one_cm":2256014,"minecraft:drop":299,"minecraft:talked_to_villager":435,"minecraft:walk_on_water_one_cm":72518,"minecraft:open_enderchest":38,"minecraft:interact_with_beacon":7,"minecraft:player_kills":1,"minecraft:crouch_one_cm":118587,"minecraft:mob_kills":97,"minecraft:climb_one_cm":53884,"minecraft:walk_one_cm":5626919,"minecraft:walk_under_water_one_cm":86711,"minecraft:boat_one_cm":420665,"minecraft:interact_with_grindstone":1,"minecraft:damage_taken":14182,"minecraft:aviate_one_cm":7644115},"minecraft:dropped":{"minecraft:iron_sword":1,"minecraft:short_grass":1,"minecraft:lapis_lazuli":74,"minecraft:oak_pressure_plate":4,"minecraft:chorus_fruit":4,"minecraft:diamond":1,"minecraft:crafting_table":1,"minecraft:black_bed":1,"minecraft:saddle":2,"minecraft:elytra":1,"minecraft:item_frame":2,"minecraft:dirt":329,"minecraft:black_stained_glass_pane":64,"minecraft:cherry_leaves":113,"minecraft:gold_nugget":6,"minecraft:bone_meal":1,"minecraft:iron_pickaxe":4,"minecraft:bone":5,"minecraft:sugar_cane":5,"minecraft:ancient_debris":74,"minecraft:lever":1,"minecraft:iron_nugget":6,"minecraft:obsidian":2,"minecraft:rotten_flesh":49,"minecraft:oak_planks":4,"minecraft:chiseled_deepslate":1,"minecraft:jungle_log":12,"minecraft:hopper":2,"minecraft:acacia_sapling":1,"minecraft:end_stone_bricks":3,"minecraft:glass":3,"minecraft:egg":1,"minecraft:iron_ingot":42,"minecraft:birch_leaves":40,"minecraft:wheat_seeds":80,"minecraft:iron_helmet":1,"minecraft:cobblestone":26,"minecraft:book":2,"minecraft:apple":4,"minecraft:granite":9,"minecraft:end_rod":5,"minecraft:polished_andesite":1,"minecraft:dark_oak_leaves":33,"minecraft:diamond_helmet":1,"minecraft:smooth_stone":1,"minecraft:string":14,"minecraft:bamboo_planks":1,"minecraft:purpur_pillar":1,"minecraft:cocoa_beans":6,"minecraft:smooth_stone_slab":1,"minecraft:clay_ball":92,"minecraft:iron_boots":5,"minecraft:shears":2,"minecraft:diamond_sword":2,"minecraft:big_dripleaf":3,"minecraft:stone":34,"minecraft:sea_pickle":4,"minecraft:diamond_pickaxe":6,"minecraft:spider_eye":1,"minecraft:stone_bricks":1,"minecraft:magma_block":2,"minecraft:terracotta":3,"minecraft:moss_block":8,"minecraft:diamond_axe":2,"minecraft:baked_potato":61,"minecraft:ender_pearl":1,"minecraft:lantern":1,"minecraft:jungle_planks":2,"minecraft:spruce_leaves":3,"minecraft:flint":12,"minecraft:cobblestone_stairs":8,"minecraft:cornflower":1,"minecraft:birch_log":10,"minecraft:gold_ingot":1,"minecraft:gravel":8,"minecraft:stone_stairs":1,"minecraft:carrot":3,"minecraft:shulker_shell":2,"minecraft:poppy":4,"minecraft:melon_seeds":1,"minecraft:glowstone":3,"minecraft:chest":1,"minecraft:iron_bars":1,"minecraft:arrow":25,"minecraft:oak_leaves":19,"minecraft:netherrack":1889,"minecraft:stone_hoe":2,"minecraft:bread":1,"minecraft:mossy_cobblestone":2,"minecraft:smithing_table":4,"minecraft:diamond_leggings":2,"minecraft:andesite_wall":1,"minecraft:grass_block":4,"minecraft:stick":10,"minecraft:diorite":2,"minecraft:torch":93,"minecraft:smooth_quartz":1,"minecraft:iron_leggings":1,"minecraft:iron_axe":1,"minecraft:pink_petals":4,"minecraft:bucket":1,"minecraft:redstone_block":64,"minecraft:blaze_rod":2,"minecraft:tuff":4,"minecraft:raw_iron":2,"minecraft:birch_pressure_plate":1,"minecraft:filled_map":2,"minecraft:shield":1,"minecraft:oak_button":15,"minecraft:diamond_chestplate":1,"minecraft:orange_terracotta":1,"minecraft:iron_chestplate":1,"minecraft:andesite":1,"minecraft:quartz_stairs":1,"minecraft:oak_sapling":42,"minecraft:spruce_log":14,"minecraft:diamond_boots":1}},"DataVersion":3839}