{"stats":{"minecraft:custom":{"minecraft:interact_with_smithing_table":2,"minecraft:interact_with_anvil":1,"minecraft:mob_kills":60,"minecraft:interact_with_crafting_table":43,"minecraft:leave_game":4,"minecraft:time_since_death":406720,"minecraft:climb_one_cm":21317,"minecraft:sprint_one_cm":1322641,"minecraft:walk_one_cm":1132390,"minecraft:drop":104,"minecraft:talked_to_villager":32,"minecraft:play_time":406720,"minecraft:sneak_time":32043,"minecraft:walk_under_water_one_cm":8466,"minecraft:boat_one_cm":82552,"minecraft:jump":6928,"minecraft:walk_on_water_one_cm":45711,"minecraft:total_world_time":406720,"minecraft:interact_with_furnace":69,"minecraft:traded_with_villager":100,"minecraft:interact_with_grindstone":1,"minecraft:sleep_in_bed":13,"minecraft:time_since_rest":22638,"minecraft:damage_taken":3034,"minecraft:damage_dealt":8657,"minecraft:swim_one_cm":58228,"minecraft:fly_one_cm":1548031,"minecraft:open_chest":106,"minecraft:crouch_one_cm":120975,"minecraft:aviate_one_cm":1399910,"minecraft:fall_one_cm":158297},"minecraft:killed":{"minecraft:armadillo":1,"minecraft:spider":4,"minecraft:skeleton":12,"minecraft:chicken":2,"minecraft:pig":5,"minecraft:creeper":3,"minecraft:sheep":11,"minecraft:zombie":13,"minecraft:cow":6},"minecraft:picked_up":{"minecraft:cocoa_beans":3,"minecraft:crafting_table":4,"minecraft:birch_door":2,"minecraft:chicken":2,"minecraft:string":3,"minecraft:elytra":1,"minecraft:raw_copper":5,"minecraft:iron_axe":2,"minecraft:acacia_door":5,"minecraft:iron_leggings":1,"minecraft:diamond_leggings":1,"minecraft:cobbled_deepslate":8,"minecraft:beef":13,"minecraft:poppy":1,"minecraft:light_gray_wool":1,"minecraft:melon_slice":21,"minecraft:furnace":4,"minecraft:egg":7,"minecraft:stick":52,"minecraft:raw_iron":39,"minecraft:brown_terracotta":53,"minecraft:torch":10,"minecraft:acacia_log":132,"minecraft:porkchop":12,"minecraft:diorite":4,"minecraft:carrot":47,"minecraft:redstone":3,"minecraft:arrow":10,"minecraft:rotten_flesh":24,"minecraft:armadillo_scute":5,"minecraft:yellow_terracotta":456,"minecraft:bookshelf":2,"minecraft:white_terracotta":21,"minecraft:mutton":14,"minecraft:white_wool":14,"minecraft:cobblestone":333,"minecraft:birch_log":7,"minecraft:feather":2,"minecraft:andesite":3,"minecraft:jungle_log":72,"minecraft:brown_wool":1,"minecraft:leather":16,"minecraft:jungle_fence":2,"minecraft:potato":100,"minecraft:tuff":2,"minecraft:oak_log":51,"minecraft:yellow_glazed_terracotta":2,"minecraft:gunpowder":2,"minecraft:dirt":1366,"minecraft:orange_terracotta":450,"minecraft:bone":14,"minecraft:acacia_planks":144,"minecraft:apple":1,"minecraft:wheat_seeds":63,"minecraft:iron_ingot":33,"minecraft:bamboo":83,"minecraft:acacia_sapling":13,"minecraft:book":6,"minecraft:scaffolding":39,"minecraft:cooked_porkchop":1,"minecraft:gravel":1,"minecraft:sand":4,"minecraft:jungle_planks":60,"minecraft:jungle_slab":13,"minecraft:red_terracotta":304,"minecraft:spider_eye":1,"minecraft:jungle_leaves":1,"minecraft:firework_rocket":31,"minecraft:diamond":21,"minecraft:granite":19,"minecraft:diamond_axe":1,"minecraft:emerald":9,"minecraft:terracotta":393,"minecraft:oak_sapling":13,"minecraft:coal":212,"minecraft:oak_leaves":3,"minecraft:sunflower":1,"minecraft:diamond_pickaxe":1},"minecraft:broken":{"minecraft:iron_shovel":2,"minecraft:iron_sword":1,"minecraft:iron_pickaxe":3},"minecraft:mined":{"minecraft:yellow_terracotta":456,"minecraft:oak_sapling":1,"minecraft:farmland":13,"minecraft:deepslate_diamond_ore":18,"minecraft:jungle_slab":4,"minecraft:sculk_vein":17,"minecraft:jungle_leaves":6,"minecraft:granite":20,"minecraft:acacia_log":131,"minecraft:grass_block":793,"minecraft:jungle_planks":70,"minecraft:jungle_log":69,"minecraft:sculk_catalyst":1,"minecraft:furnace":4,"minecraft:carrots":12,"minecraft:jungle_sapling":1,"minecraft:iron_ore":37,"minecraft:andesite":3,"minecraft:sculk_shrieker":2,"minecraft:bookshelf":4,"minecraft:potatoes":38,"minecraft:vine":47,"minecraft:deepslate_iron_ore":1,"minecraft:bamboo_sapling":3,"minecraft:bamboo":91,"minecraft:stone":262,"minecraft:white_wool":5,"minecraft:acacia_leaves":11,"minecraft:scaffolding":20,"minecraft:orange_terracotta":455,"minecraft:crafting_table":3,"minecraft:torch":1,"minecraft:short_grass":346,"minecraft:emerald_ore":4,"minecraft:melon":4,"minecraft:dead_bush":7,"minecraft:sculk_sensor":1,"minecraft:copper_ore":1,"minecraft:tall_grass":5,"minecraft:cobblestone":33,"minecraft:sculk":194,"minecraft:diorite":3,"minecraft:wall_torch":6,"minecraft:white_terracotta":21,"minecraft:red_terracotta":308,"minecraft:birch_log":7,"minecraft:jungle_fence":1,"minecraft:birch_door":2,"minecraft:yellow_glazed_terracotta":2,"minecraft:oak_log":55,"minecraft:coal_ore":165,"minecraft:gravel":1,"minecraft:sand":4,"minecraft:sunflower":1,"minecraft:acacia_door":5,"minecraft:dirt":407,"minecraft:brown_terracotta":54,"minecraft:terracotta":399,"minecraft:acacia_planks":124,"minecraft:deepslate":6,"minecraft:oak_leaves":161,"minecraft:fern":93},"minecraft:crafted":{"minecraft:oak_planks":16,"minecraft:cooked_chicken":2,"minecraft:furnace":5,"minecraft:bone_meal":36,"minecraft:diamond_shovel":1,"minecraft:bookshelf":2,"minecraft:cooked_mutton":14,"minecraft:iron_boots":1,"minecraft:iron_axe":1,"minecraft:melon_seeds":1,"minecraft:yellow_glazed_terracotta":1,"minecraft:iron_hoe":1,"minecraft:stone_pickaxe":1,"minecraft:chest":4,"minecraft:birch_door":3,"minecraft:stone_hoe":1,"minecraft:cooked_beef":13,"minecraft:emerald":96,"minecraft:cooked_porkchop":10,"minecraft:crafting_table":7,"minecraft:iron_helmet":1,"minecraft:baked_potato":27,"minecraft:iron_sword":2,"minecraft:bucket":2,"minecraft:birch_planks":28,"minecraft:stone_axe":1,"minecraft:enchanted_book":2,"minecraft:jungle_slab":24,"minecraft:air":0,"minecraft:jungle_planks":268,"minecraft:oak_boat":1,"minecraft:iron_chestplate":1,"minecraft:stick":36,"minecraft:iron_ingot":37,"minecraft:iron_pickaxe":5,"minecraft:stone_sword":1,"minecraft:iron_shovel":2,"minecraft:acacia_door":3,"minecraft:iron_leggings":1,"minecraft:white_bed":1,"minecraft:acacia_planks":528,"minecraft:torch":104},"minecraft:dropped":{"minecraft:stone_hoe":1,"minecraft:iron_ingot":78,"minecraft:wheat_seeds":16,"minecraft:crafting_table":1,"minecraft:jungle_fence":2,"minecraft:cobblestone":57,"minecraft:yellow_terracotta":6,"minecraft:feather":2,"minecraft:book":4,"minecraft:leather":7,"minecraft:granite":19,"minecraft:jungle_planks":15,"minecraft:coal":88,"minecraft:stick":31,"minecraft:dirt":461,"minecraft:jungle_slab":18,"minecraft:diorite":4,"minecraft:brown_wool":1,"minecraft:iron_leggings":1,"minecraft:armadillo_scute":5,"minecraft:bone_meal":8,"minecraft:sunflower":1,"minecraft:sand":4,"minecraft:iron_axe":3,"minecraft:iron_pickaxe":1,"minecraft:string":3,"minecraft:white_wool":1,"minecraft:acacia_planks":32,"minecraft:redstone":3,"minecraft:gravel":1,"minecraft:stone_axe":1,"minecraft:stone_sword":1,"minecraft:cobbled_deepslate":8,"minecraft:raw_copper":5,"minecraft:tuff":2,"minecraft:raw_iron":2,"minecraft:rotten_flesh":16,"minecraft:light_gray_wool":1,"minecraft:oak_planks":3,"minecraft:iron_hoe":1,"minecraft:poppy":1,"minecraft:gunpowder":2,"minecraft:andesite":2,"minecraft:jungle_log":5,"minecraft:oak_sapling":5,"minecraft:acacia_sapling":4,"minecraft:spider_eye":1,"minecraft:bamboo":83,"minecraft:arrow":5,"minecraft:stone_pickaxe":1,"minecraft:scaffolding":2,"minecraft:oak_leaves":1,"minecraft:terracotta":11,"minecraft:egg":1},"minecraft:used":{"minecraft:jungle_leaves":1,"minecraft:stone_sword":15,"minecraft:iron_shovel":526,"minecraft:elytra":1,"minecraft:chest":4,"minecraft:iron_sword":320,"minecraft:cooked_chicken":2,"minecraft:rotten_flesh":8,"minecraft:stone_hoe":68,"minecraft:torch":101,"minecraft:dirt":905,"minecraft:jungle_planks":204,"minecraft:carrot":27,"minecraft:jungle_slab":19,"minecraft:acacia_sapling":9,"minecraft:birch_door":3,"minecraft:iron_hoe":171,"minecraft:bookshelf":4,"minecraft:iron_axe":172,"minecraft:scaffolding":26,"minecraft:oak_sapling":1,"minecraft:yellow_glazed_terracotta":2,"minecraft:furnace":9,"minecraft:egg":6,"minecraft:potato":73,"minecraft:cooked_beef":10,"minecraft:acacia_planks":531,"minecraft:orange_terracotta":435,"minecraft:cooked_mutton":14,"minecraft:water_bucket":61,"minecraft:baked_potato":27,"minecraft:stone_pickaxe":44,"minecraft:diamond_axe":219,"minecraft:oak_leaves":1,"minecraft:white_wool":5,"minecraft:terracotta":346,"minecraft:yellow_terracotta":353,"minecraft:crafting_table":10,"minecraft:white_bed":1,"minecraft:diamond_pickaxe":1359,"minecraft:firework_rocket":29,"minecraft:diamond_shovel":765,"minecraft:acacia_door":2,"minecraft:melon_slice":20,"minecraft:bread":7,"minecraft:iron_pickaxe":861,"minecraft:red_terracotta":160,"minecraft:stone_axe":128,"minecraft:enchanted_book":2,"minecraft:cobblestone":234,"minecraft:andesite":1,"minecraft:cooked_porkchop":11,"minecraft:bucket":63,"minecraft:oak_boat":1,"minecraft:diamond_leggings":1,"minecraft:bone_meal":28}},"DataVersion":3839}